-- phpMyAdmin SQL Dump
-- version 4.8.5
-- https://www.phpmyadmin.net/
--
-- 主机： localhost
-- 生成日期： 2020-03-20 12:11:32
-- 服务器版本： 5.7.29-log
-- PHP 版本： 7.1.29

SET SQL_MODE = "NO_AUTO_VALUE_ON_ZERO";
SET AUTOCOMMIT = 0;
START TRANSACTION;
SET time_zone = "+00:00";


/*!40101 SET @OLD_CHARACTER_SET_CLIENT=@@CHARACTER_SET_CLIENT */;
/*!40101 SET @OLD_CHARACTER_SET_RESULTS=@@CHARACTER_SET_RESULTS */;
/*!40101 SET @OLD_COLLATION_CONNECTION=@@COLLATION_CONNECTION */;
/*!40101 SET NAMES utf8mb4 */;

--
-- 数据库： `demo_comcms_cn`
--

-- --------------------------------------------------------

--
-- 表的结构 `Admin`
--

CREATE TABLE `Admin` (
  `Id` int(11) NOT NULL COMMENT '编号',
  `UserName` varchar(20) DEFAULT NULL COMMENT '用户名',
  `PassWord` varchar(50) DEFAULT NULL COMMENT '密码',
  `Salt` varchar(20) DEFAULT NULL COMMENT '盐值',
  `RealName` varchar(20) DEFAULT NULL COMMENT '姓名',
  `Tel` varchar(20) DEFAULT NULL COMMENT '电话',
  `Email` varchar(100) DEFAULT NULL COMMENT '邮件',
  `UserLevel` int(11) NOT NULL COMMENT '级别',
  `RoleId` int(11) NOT NULL COMMENT '管理组',
  `GroupId` int(11) NOT NULL COMMENT '用户组',
  `LastLoginTime` datetime DEFAULT NULL COMMENT '最后登录时间',
  `LastLoginIP` varchar(20) DEFAULT NULL COMMENT '上次登录IP',
  `ThisLoginTime` datetime DEFAULT NULL COMMENT '本次登录时间',
  `ThisLoginIP` varchar(20) DEFAULT NULL COMMENT '本次登录IP',
  `IsLock` int(11) NOT NULL COMMENT '是否是锁定'
) ENGINE=InnoDB DEFAULT CHARSET=utf8mb4 COMMENT='管理员' ROW_FORMAT=DYNAMIC;

--
-- 转存表中的数据 `Admin`
--

INSERT INTO `Admin` (`Id`, `UserName`, `PassWord`, `Salt`, `RealName`, `Tel`, `Email`, `UserLevel`, `RoleId`, `GroupId`, `LastLoginTime`, `LastLoginIP`, `ThisLoginTime`, `ThisLoginIP`, `IsLock`) VALUES
(1, 'admin', '8788C77C8FA36CF9D3718026355AB571', 'fOtOFYYpLO90', 'admin', '', '', 100, 1, 0, '2020-03-20 12:08:41', '127.0.0.1', '2018-04-16 00:17:43', '127.0.0.1', 0);

-- --------------------------------------------------------

--
-- 表的结构 `AdminLog`
--

CREATE TABLE `AdminLog` (
  `Id` int(11) NOT NULL COMMENT '编号',
  `UId` int(11) NOT NULL COMMENT '管理员ID',
  `GUID` varchar(50) DEFAULT NULL COMMENT '唯一ID',
  `UserName` varchar(20) DEFAULT NULL COMMENT '用户名',
  `PassWord` varchar(50) DEFAULT NULL COMMENT '密码',
  `LoginTime` datetime DEFAULT NULL COMMENT '登录时间',
  `LoginIP` varchar(20) DEFAULT NULL COMMENT '登录IP',
  `IsLoginOK` int(11) NOT NULL COMMENT '是否登录成功',
  `Actions` text COMMENT '记录',
  `LastUpdateTime` datetime DEFAULT NULL COMMENT '登录时间'
) ENGINE=InnoDB DEFAULT CHARSET=utf8mb4 COMMENT='管理日志表' ROW_FORMAT=DYNAMIC;

--
-- 转存表中的数据 `AdminLog`
--

INSERT INTO `AdminLog` (`Id`, `UId`, `GUID`, `UserName`, `PassWord`, `LoginTime`, `LoginIP`, `IsLoginOK`, `Actions`, `LastUpdateTime`) VALUES
(1, 0, '5d8b265b-342d-45f1-ab92-425791cd0b10', 'admin', '******', '2018-04-16 00:30:06', '127.0.0.1', 1, '查看基本配置；查看基本配置；查看基本配置；查看基本配置；查看基本配置；修改站点基本配置；查看基本配置；查看基本配置；查看基本配置；查看基本配置；查看基本配置；查看基本配置；查看基本配置；查看基本配置；', '2018-04-16 01:04:56'),
(2, 0, '49ebe38a-3cfb-4e16-afa8-718d0c0758a1', 'admin', '******', '2018-04-16 01:09:35', '123.1.189.126', 1, '查看基本配置；', '2018-04-16 01:14:19'),
(3, 0, '592f0755-0b3b-4871-a33a-32b137bff2fd', 'admin', '******', '2018-04-16 08:43:30', '60.166.72.54', 1, '查看基本配置；', '2018-04-16 08:43:36'),
(4, 0, '363eb952-0d60-4eb7-82b6-419c710bb89c', 'admin', '******', '2018-04-16 10:19:15', '61.140.236.194', 1, NULL, '2018-04-16 10:19:15'),
(5, 0, 'e1699742-94c3-4eb7-8bda-0fe815533e57', 'admin', '******', '2018-04-16 10:19:52', '116.24.101.123', 1, '查看基本配置；查看基本配置；', '2018-04-16 10:26:05'),
(6, 0, 'f1b1264d-6b65-4573-b3d1-ae6135aa18f4', 'admin', '******', '2018-04-16 10:24:57', '116.226.70.126', 1, '查看基本配置；查看基本配置；', '2018-04-16 10:25:15'),
(7, 0, '453c6021-7bf7-4b38-9913-27536d827bfc', 'admin', '******', '2018-04-16 10:25:10', '112.64.119.42', 1, '查看基本配置；', '2018-04-16 10:25:41'),
(8, 0, '5796a8c3-4eaf-4bba-8742-7378135dd93b', 'admin', '******', '2018-04-16 10:32:07', '113.118.198.128', 1, '查看基本配置；', '2018-04-16 10:32:25'),
(9, 0, '46f181aa-4747-4633-8fad-099f06799fe6', 'admin', '******', '2018-04-16 10:35:19', '59.172.251.218', 1, NULL, '2018-04-16 10:35:19'),
(10, 0, 'b2c7c5d3-9e9f-4b35-825c-041c71bb3e68', 'admin', '******', '2018-04-17 22:53:58', '59.42.239.56', 1, '查看后台事件列表（keyword:;page:0;limit:20）;查看后台事件列表（keyword:;page:0;limit:20）;查看后台事件列表（keyword:;page:0;limit:20）;查看基本配置；查看SMTP配置；查看附件配置；查看附件配置；查看后台事件列表（keyword:;page:0;limit:20）;查看Robots.txt;', '2018-04-18 00:20:16'),
(11, 0, '9283b94f-d4ac-42d8-8ae8-ffb462877401', 'admin', '******', '2018-04-18 09:50:49', '61.140.238.15', 1, '查看Robots.txt;查看附件配置；查看附件配置；查看附件配置；修改附件配置;查看附件配置；', '2018-04-18 11:27:05'),
(12, 0, '1a19389a-b14d-453a-9970-1f154dd5331b', 'admin', '******', '2018-04-18 09:52:15', '116.226.70.126', 1, '查看后台事件列表（keyword:;page:0;limit:20）;', '2018-04-18 09:52:26'),
(13, 0, '659402f8-b25a-42d8-9761-bbbbd349096f', 'admin', '******', '2018-04-18 09:53:41', '171.221.146.125', 1, '查看基本配置；查看后台事件列表（keyword:;page:0;limit:20）;查看后台事件列表（keyword:;page:0;limit:25）;', '2018-04-18 10:15:50'),
(14, 0, 'e724d952-5c46-4c70-ac25-35b98c0dd121', 'admin', '******', '2018-04-18 09:54:47', '202.106.86.136', 1, '查看SMTP配置；', '2018-04-18 09:55:00'),
(15, 0, '99d7a774-b6ec-42f9-96ef-1525ff6eae79', 'admin', '******', '2018-04-18 09:55:11', '182.242.249.54', 1, '查看基本配置；', '2018-04-18 09:55:27'),
(16, 0, '596709a4-fe24-4141-8a4b-8c761d0a7e48', 'admin', '******', '2018-04-18 09:55:23', '113.57.27.145', 1, '查看基本配置；', '2018-04-18 09:55:29'),
(17, 0, 'ba87f31b-075c-4de7-afa8-f99272b00a12', 'admin', '******', '2018-04-18 09:58:16', '121.33.75.50', 1, '查看基本配置；查看基本配置；查看SMTP配置；查看附件配置；查看Robots.txt;', '2018-04-18 09:58:53'),
(18, 0, 'f68c98ad-4fb1-441c-bbfb-e6734d46d07f', 'Admin', '******', '2018-04-18 09:58:23', '36.98.143.127', 1, '查看附件配置；', '2018-04-18 10:03:38'),
(19, 0, 'c6b26c99-e361-44db-9969-df2799caca60', 'admin', '******', '2018-04-18 10:01:41', '106.120.233.218', 1, NULL, '2018-04-18 10:01:41'),
(20, 0, '161763c2-d840-4949-a672-4ac3e6339ffb', 'admin', '******', '2018-04-18 10:08:42', '223.104.108.31', 1, NULL, '2018-04-18 10:08:42'),
(21, 0, '0ed86444-f812-4ac7-840f-b0809a1be406', 'admin', '******', '2018-04-18 10:17:16', '171.221.146.125', 1, '查看后台事件列表（keyword:;page:0;limit:20）;查看SMTP配置；查看附件配置；查看Robots.txt;查看后台事件列表（keyword:;page:0;limit:20）;查看附件配置；查看SMTP配置；查看Robots.txt;查看后台事件列表（keyword:;page:0;limit:20）;查看后台事件列表（keyword:;page:0;limit:10）;查看后台事件列表（keyword:;page:0;limit:25）;查看附件配置；修改附件配置;查看附件配置；', '2018-04-18 11:29:19'),
(22, 0, '7aa7d5b4-4420-4918-b631-63c0a45ec141', 'admin', '******', '2018-04-18 10:21:01', '115.195.129.93', 1, '查看基本配置；查看SMTP配置；查看附件配置；查看Robots.txt;查看基本配置；查看SMTP配置；查看基本配置；查看SMTP配置；查看附件配置；', '2018-04-18 10:22:40'),
(23, 0, 'ae5c1441-bedd-49fb-bb39-96ddbfd20dc0', 'admin', '******', '2018-04-18 10:24:51', '222.195.191.87', 1, '查看基本配置；查看SMTP配置；查看附件配置；查看Robots.txt;查看基本配置；查看基本配置；查看基本配置；', '2018-04-18 10:31:21'),
(24, 0, 'eb783940-71cb-4681-940c-7faf15b2aeb0', 'admin', '******', '2018-04-18 10:27:43', '59.174.113.164', 1, '查看基本配置；查看SMTP配置；查看附件配置；查看Robots.txt;查看后台事件列表（keyword:;page:0;limit:20）;查看基本配置；', '2018-04-18 10:32:29'),
(25, 0, '1a7dbe72-653c-4f3e-a11f-07f3e384e374', 'admin', '******', '2018-04-18 11:13:45', '125.113.143.165', 1, NULL, '2018-04-18 11:13:45'),
(26, 0, '1efdb7b8-674b-4490-9466-8cf56adedb90', 'admin', '******', '2018-04-18 13:45:03', '171.221.146.125', 1, NULL, '2018-04-18 13:45:03'),
(27, 0, '8d7e7655-93d1-4e1c-9276-0c00ab5e0558', 'admin', '******', '2018-04-18 18:06:51', '113.109.108.136', 1, '查看文章栏目列表页面；查看添加文章栏目页面；查看添加文章栏目页面；查看添加文章栏目页面；查看添加文章栏目页面；查看添加文章栏目页面；查看添加文章栏目页面；查看文章栏目列表页面；查看添加文章栏目页面；查看添加文章栏目页面；查看添加文章栏目页面；查看文章栏目列表页面；查看添加文章栏目页面；查看添加文章栏目页面；查看添加文章栏目页面；添加文章栏目(id:1);查看文章栏目列表页面；查看/编辑文章栏目（id:1）页面；修改文章栏目(id:1);查看文章栏目列表页面；查看/编辑文章栏目（id:1）页面；查看文章栏目列表页面；查看/编辑文章栏目（id:1）页面；查看文章列表;查看添加文章页面;查看文章列表;查看添加文章页面;添加文章(id:1);查看文章(1);编辑文章(id:1);查看附件配置；修改附件配置;查看附件配置；查看文章(1);查看文章栏目列表页面；', '2018-04-18 20:37:31'),
(28, 0, 'f0d958c6-8bc0-4a0f-9123-ae3f72699622', 'admin', '******', '2018-04-20 00:46:38', '59.42.239.53', 1, '查看管理组列表;查看管理员列表查看/编辑我的信息;查看管理组（1）详情;', '2018-04-20 00:46:56'),
(29, 0, 'a70a5e94-155e-47c4-897a-32ba606eb144', 'admin', '******', '2018-04-20 09:21:35', '113.109.108.136', 1, '查看管理组列表;查看管理组（1）详情;', '2018-04-20 09:21:53'),
(30, 0, '6d7cb9c2-ef4c-4c8d-b8a0-7a640a10efba', 'admin', '******', '2018-04-20 22:00:35', '61.140.237.4', 1, '查看用户组列表;查看/编辑用户组（3）详情;查看/编辑用户组（3）详情;查看文章列表;查看文章(1);编辑文章(id:1);', '2018-04-20 22:17:58'),
(31, 0, '8ff2a995-8efc-4823-b825-0f677e34afbe', 'admin', '******', '2018-04-21 00:16:09', '59.42.236.154', 1, '查看商品栏目列表页面；查看商品栏目列表页面；查看添加商品栏目页面；查看添加商品栏目页面；查看商品栏目列表页面；', '2018-04-21 00:18:53'),
(32, 0, 'efe65537-8fe7-44a0-91ce-639e0bf6ea76', 'admin', '******', '2018-04-22 00:12:54', '59.42.239.179', 1, '查看基本配置；查看基本配置；查看管理组列表;查看留言分类列表页面；查看广告分类列表页面；查看广告列表;查看友情链接分类列表页面；查看友情链接列表;查看在线支付订单列表;查看订单列表;查看商品栏目列表页面；查看商品列表;查看用户组列表;查看用户列表;', '2018-04-22 00:24:47'),
(33, 0, 'f900e14c-a662-4b7a-8b3c-4534c3218813', 'admin', '******', '2018-04-22 00:18:57', '112.28.148.95', 1, '查看订单列表;查看管理员列表查看后台事件列表（keyword:;page:0;limit:20）;查看广告分类列表页面；查看广告列表;查看友情链接分类列表页面；查看友情链接列表;查看基本配置；查看SMTP配置；查看附件配置；查看Robots.txt;查看用户列表;查看用户组列表;查看商品栏目列表页面；查看商品列表;查看留言分类列表页面；查看留言列表(page:1);', '2018-04-22 00:23:07'),
(34, 0, 'a288c172-2181-4dfc-b4d8-696041e99898', 'admin', '******', '2018-04-22 00:19:08', '211.142.109.83', 1, '查看订单列表;', '2018-04-22 00:19:27'),
(35, 0, 'c102708c-83d6-40ec-813e-fabd3ca22f85', 'admin', '******', '2018-04-22 00:21:36', '61.180.252.105', 1, '查看基本配置；查看文章栏目列表页面；查看管理组列表;查看广告分类列表页面；查看用户组列表;查看商品栏目列表页面；查看商品列表;', '2018-04-22 00:46:01'),
(36, 0, '419c105e-0a58-48a6-9cb0-84c0cdb0b3ce', 'admin', '******', '2018-04-22 00:22:14', '61.170.169.232', 1, NULL, '2018-04-22 00:22:14'),
(37, 0, '4e6f9033-d5a8-435a-b1c9-a1973b10062f', 'admin', '******', '2018-04-22 01:02:00', '112.28.148.95', 1, NULL, '2018-04-22 01:02:00'),
(38, 0, 'b32f41bf-0e4c-4146-b36b-6bfee726a082', 'admin', '******', '2018-04-22 07:30:48', '14.106.184.184', 1, NULL, '2018-04-22 07:30:48'),
(39, 0, '8e676218-3baa-47fb-93d7-18eb489d6363', 'admin', '******', '2018-04-22 08:25:40', '114.219.105.142', 1, '查看基本配置；查看文章栏目列表页面；查看商品栏目列表页面；查看订单列表;', '2018-04-22 08:26:16'),
(40, 0, '2c8f65ee-21ac-4771-9bdb-49b6d5afe913', 'admin', '******', '2018-04-22 11:16:41', '117.75.19.125', 1, '查看基本配置；查看SMTP配置；查看附件配置；查看Robots.txt;查看文章栏目列表页面；查看/编辑文章栏目（id:1）页面；查看文章列表;查看文章列表;查看商品栏目列表页面；查看在线支付订单列表;查看订单列表;查看用户列表;查看用户组列表;查看管理组列表;查看后台事件列表（keyword:;page:0;limit:20）;查看留言分类列表页面；查看留言列表(page:1);查看广告分类列表页面；查看广告列表;查看友情链接分类列表页面；查看/编辑用户组（1）详情;编辑用户组（1）;查看用户组列表;查看/编辑用户组（3）详情;查看文章列表;', '2018-04-22 11:18:52'),
(41, 0, '9e4bff89-bb3e-485b-8d4b-a86a8133c5e6', 'admin', '******', '2018-04-22 12:09:51', '171.221.145.174', 1, '查看商品栏目列表页面；查看商品列表;', '2018-04-22 12:10:06'),
(42, 0, '9065b5c8-7e6e-498b-8b10-979af9e3404d', 'admin', '******', '2018-04-23 00:11:57', '59.42.239.179', 1, '查看基本配置；查看SMTP配置；查看附件配置；查看Robots.txt;查看文章栏目列表页面；查看文章列表;查看商品栏目列表页面；查看商品列表;查看订单列表;查看在线支付订单列表;查看用户组列表;查看用户列表;查看管理组列表;查看管理员列表查看后台事件列表（keyword:;page:0;limit:20）;查看/编辑我的信息;查看留言分类列表页面；查看留言列表(page:1);查看广告分类列表页面；查看广告列表;查看友情链接分类列表页面；查看友情链接列表;后台管理日志留言列表(page:1);查看管理日志详情(42);后台管理日志留言列表(page:2);查看/编辑我的信息;后台管理日志留言列表(page:1);', '2018-04-23 00:54:01'),
(43, 0, 'cbfc1730-84d9-4048-b153-4e00fdab2f61', 'admin', '******', '2018-04-23 15:34:52', '61.140.237.4', 1, '查看文章列表;查看文章(1);查看文章(1);查看文章(1);查看文章(1);查看文章(1);查看文章(1);查看文章(1);查看文章(1);查看文章(1);查看文章(1);查看文章(1);查看文章(1);', '2018-04-23 15:38:48'),
(44, 0, '5c79eb2d-1dac-4a0e-a512-dbcd4dd6af6f', 'admin', '******', '2018-04-23 21:54:53', '61.140.237.4', 1, NULL, '2018-04-23 21:54:53'),
(45, 0, '429e91d8-4865-4339-9bbb-c4d4288fc5f9', 'admin', '******', '2018-04-24 21:56:31', '61.140.237.4', 1, NULL, '2018-04-24 21:56:31'),
(46, 0, '10168cf9-915f-4ca3-bfe6-06edc0014153', 'cjcjf', 'fucjc', '2018-04-24 21:58:59', '1.94.48.141', 0, '登录失败：用户名错误。', '2018-04-24 21:58:59'),
(47, 0, '1de18fca-1c07-4f31-baa1-1559451100d9', 'admin', '******', '2018-04-25 08:36:47', '125.37.89.32', 1, '查看基本配置；查看基本配置；查看基本配置；', '2018-04-25 08:37:02'),
(48, 0, 'dcd0a1bc-2a53-482f-b83a-b098945d8475', 'admin', '******', '2018-04-25 11:33:14', '118.205.137.159', 1, '查看商品栏目列表页面；', '2018-04-25 11:33:28'),
(49, 0, '98b77dee-c53b-4cd6-9eb4-702bbefed89e', 'admin', '******', '2018-04-25 13:43:23', '113.119.166.81', 1, '查看基本配置；查看SMTP配置；查看附件配置；查看Robots.txt;查看文章列表;查看文章栏目列表页面；查看商品列表;查看订单列表;查看在线支付订单列表;查看用户组列表;查看用户列表;查看/编辑用户组（1）详情;查看管理组列表;查看管理组（1）详情;查看管理组（1）详情;查看后台事件列表（keyword:;page:0;limit:20）;查看/编辑我的信息;后台管理日志留言列表(page:1);查看SMTP配置；', '2018-04-25 13:45:55'),
(50, 0, 'd63e053b-89e6-4140-9c51-fb84d0837d9e', 'admin', '******', '2018-04-25 16:18:27', '222.174.185.139', 1, '查看基本配置；查看SMTP配置；查看文章栏目列表页面；查看文章列表;查看商品栏目列表页面；查看商品列表;查看添加商品页面;查看订单列表;查看在线支付订单列表;查看管理组列表;查看管理员列表查看留言分类列表页面；查看广告分类列表页面；', '2018-04-25 16:19:24'),
(51, 0, 'dca85da2-0252-4f66-bd91-7ba222e387b7', 'admin', '******', '2018-04-25 23:43:30', '61.178.118.38', 1, '查看文章栏目列表页面；', '2018-04-25 23:43:55'),
(52, 0, 'dbf9da81-39b6-4a57-a783-570edad25452', 'admin', '******', '2018-05-08 22:05:12', '61.140.234.154', 1, '查看Robots.txt;', '2018-05-08 22:05:34'),
(53, 0, 'ac8d0204-ba64-4487-86fe-420893b6970b', 'admin', '******', '2018-05-09 11:15:05', '61.140.234.154', 1, '查看文章列表;查看文章(1);编辑文章(id:1);查看文章(1);查看文章(1);查看文章(1);', '2018-05-09 11:47:30'),
(54, 0, '17348522-7f99-4f97-b3b8-57acdb3f000d', 'admin', '******', '2018-05-09 11:16:26', '180.169.154.102', 1, '查看基本配置；查看留言分类列表页面；查看留言列表(page:1);查看文章列表;查看文章(1);编辑文章(id:1);查看文章(1);查看添加文章页面;添加文章(id:2);查看文章(2);编辑文章(id:2);查看文章栏目列表页面；查看/编辑文章栏目（id:1）页面；修改文章栏目(id:1);查看文章栏目列表页面；查看留言列表(page:1);', '2018-05-09 11:19:55'),
(55, 0, '9acb3e4d-5c5c-47ab-86a8-718d8904fdfa', 'admin', '******', '2018-05-09 11:16:34', '58.38.221.169', 1, '查看基本配置；查看SMTP配置；查看附件配置；查看Robots.txt;查看文章栏目列表页面；查看文章列表;查看文章(1);查看商品栏目列表页面；查看商品列表;查看添加商品页面;查看订单列表;查看在线支付订单列表;查看用户组列表;查看用户列表;查看管理组列表;查看管理组（1）详情;查看后台事件列表（keyword:;page:0;limit:20）;查看广告分类列表页面；查看广告列表;', '2018-05-09 11:19:01'),
(56, 0, 'd8d0a104-ee4f-4bd3-9835-4b4ac102d9cd', 'admin', '******', '2018-05-09 11:16:52', '115.223.159.228', 1, '查看SMTP配置；查看文章栏目列表页面；查看用户组列表;查看商品栏目列表页面；查看添加商品栏目页面；查看基本配置；查看Robots.txt;查看订单列表;查看用户列表;查看管理组列表;查看管理员列表查看/编辑管理员(admin);后台管理日志留言列表(page:1);查看留言分类列表页面；查看广告分类列表页面；查看广告列表;查看基本配置；查看SMTP配置；查看附件配置；查看文章栏目列表页面；查看文章列表;查看添加文章页面;添加文章(id:3);查看文章(3);', '2018-05-09 11:21:35'),
(57, 0, '764e85cc-e20f-4516-a253-7e5c1a3e0a11', 'admin', '******', '2018-05-09 11:17:06', '113.65.211.126', 1, '查看文章栏目列表页面；查看文章列表;查看商品栏目列表页面；查看添加商品栏目页面；查看商品列表;查看订单列表;查看在线支付订单列表;查看管理组列表;查看管理组（1）详情;查看基本配置；查看SMTP配置；查看附件配置；查看Robots.txt;查看/编辑我的信息;查看后台事件列表（keyword:;page:0;limit:20）;查看管理员列表', '2018-05-09 11:18:56'),
(58, 0, 'a984116b-6931-46a7-aea1-bfe44aed6057', 'admin', '******', '2018-05-09 11:17:56', '222.72.44.130', 1, '查看SMTP配置；查看基本配置；', '2018-05-09 11:21:42'),
(59, 0, '185ae227-0c3c-4fb2-bafa-97eb2cb118fd', 'admin', '******', '2018-05-09 11:18:28', '122.224.230.90', 1, '查看基本配置；', '2018-05-09 11:18:41'),
(60, 0, '982231f0-ca55-412c-bfb9-ccbcfd00aef6', 'admin', '******', '2018-05-09 11:19:31', '182.200.45.61', 1, '查看基本配置；查看商品栏目列表页面；查看商品列表;查看订单列表;查看在线支付订单列表;查看用户组列表;查看用户列表;查看管理组列表;', '2018-05-09 11:19:58'),
(61, 0, 'ae71a175-840d-4dac-86d2-705cd5cb500e', 'admin', '******', '2018-05-09 11:21:42', '36.110.112.202', 1, '查看基本配置；查看SMTP配置；查看附件配置；查看文章栏目列表页面；查看文章列表;查看商品栏目列表页面；查看商品列表;查看订单列表;查看在线支付订单列表;查看管理组列表;查看管理员列表查看后台事件列表（keyword:;page:0;limit:20）;查看/编辑我的信息;后台管理日志留言列表(page:1);查看留言分类列表页面；查看留言列表(page:1);查看广告分类列表页面；查看广告列表;查看友情链接分类列表页面；查看友情链接列表;查看基本配置；查看SMTP配置；查看商品栏目列表页面；查看商品栏目列表页面；查看订单列表;查看订单列表;查看Robots.txt;查看文章栏目列表页面；查看文章列表;查看文章列表;查看添加文章页面;查看SMTP配置；查看附件配置；查看添加文章页面;添加文章(id:4);查看文章(4);查看文章列表;查看添加文章页面;', '2018-05-09 11:58:37'),
(62, 0, '8a14fb5e-f132-4a51-892c-6d19563d1256', 'admin', '******', '2018-05-09 11:23:26', '49.118.237.16', 1, '查看基本配置；查看文章栏目列表页面；查看SMTP配置；查看订单列表;查看留言分类列表页面；查看用户组列表;查看用户组列表;查看用户组列表;查看用户组列表;查看用户组列表;查看用户组列表;查看基本配置；查看SMTP配置；查看附件配置；查看文章栏目列表页面；查看/编辑文章栏目（id:1）页面；查看/编辑文章栏目（id:1）页面；查看/编辑文章栏目（id:1）页面；', '2018-05-09 11:28:01'),
(63, 0, '9771682a-1fb9-4dbb-b1aa-ed7e601cc67b', 'admin', '******', '2018-05-09 11:25:14', '125.70.0.241', 1, '查看文章栏目列表页面；查看文章列表;查看添加文章页面;', '2018-05-09 11:25:31'),
(64, 0, '2bf3b457-21c8-4b2e-864b-cf7d85882f9a', 'admin', '******', '2018-05-09 11:29:20', '59.174.115.122', 1, '查看基本配置；查看SMTP配置；查看附件配置；查看Robots.txt;查看商品栏目列表页面；查看商品列表;查看订单列表;查看在线支付订单列表;查看管理组列表;后台管理日志留言列表(page:1);查看管理日志详情(64);后台管理日志留言列表(page:1);查看友情链接列表;查看广告分类列表页面；查看管理员列表查看后台事件列表（keyword:;page:0;limit:20）;查看/编辑我的信息;查看管理日志详情(64);', '2018-05-09 11:30:45'),
(65, 0, 'e82b4390-b80c-46f0-a247-fca0359d7313', 'admin', '******', '2018-05-09 11:47:44', '183.160.105.104', 1, '查看基本配置；查看SMTP配置；查看附件配置；查看Robots.txt;查看文章栏目列表页面；查看文章列表;查看商品栏目列表页面；查看商品列表;查看订单列表;查看在线支付订单列表;查看用户组列表;查看用户列表;查看管理组列表;查看管理员列表查看后台事件列表（keyword:;page:0;limit:20）;查看/编辑我的信息;后台管理日志留言列表(page:1);查看管理日志详情(45);查看管理日志详情(46);查看留言分类列表页面；查看留言列表(page:1);', '2018-05-09 11:49:29'),
(66, 0, 'ffb4b03b-1d0b-4368-8b8f-b40456baabca', 'admin', '******', '2018-05-09 11:48:52', '222.131.59.41', 1, NULL, '2018-05-09 11:48:52'),
(67, 0, '8edf3b50-648b-4ff2-b30c-9fcc3b7a94cc', 'admin', '******', '2018-05-09 11:58:03', '202.101.140.157', 1, '查看基本配置；查看文章栏目列表页面；查看添加文章栏目页面；', '2018-05-09 11:58:29'),
(68, 0, 'a7780616-f5ab-46fd-8885-ce77ee446c44', 'admin', '******', '2018-05-09 11:58:51', '222.82.254.34', 1, '查看基本配置；查看Robots.txt;查看订单列表;查看在线支付订单列表;查看用户组列表;查看用户列表;查看用户组列表;查看/编辑用户组（1）详情;查看/编辑用户组（2）详情;查看管理组列表;查看留言分类列表页面；查看广告分类列表页面；查看SMTP配置；查看附件配置；查看文章列表;查看SMTP配置；查看订单列表;查看在线支付订单列表;查看基本配置；', '2018-05-09 12:01:16'),
(69, 0, '05aed6ff-3a95-4dee-bcea-56e9f1267850', 'admin', '******', '2018-05-09 12:28:31', '223.73.236.139', 1, '查看基本配置；查看文章栏目列表页面；查看文章列表;查看商品栏目列表页面；查看订单列表;查看用户组列表;查看管理组列表;查看管理员列表查看后台事件列表（keyword:;page:0;limit:20）;查看/编辑我的信息;后台管理日志留言列表(page:1);查看留言分类列表页面；查看留言列表(page:1);查看广告分类列表页面；查看广告列表;查看友情链接列表;', '2018-05-09 12:30:23'),
(70, 0, 'bd40f3db-ead2-4ef7-97b5-9a2b0bb2bfe5', 'admin', '******', '2018-05-09 13:55:20', '211.94.117.114', 1, '查看基本配置；查看SMTP配置；查看附件配置；查看Robots.txt;查看文章列表;查看文章栏目列表页面；查看留言分类列表页面；', '2018-05-09 13:55:50'),
(71, 0, 'f2c451b4-a952-44be-b6bf-224daa29d324', 'admin', '******', '2018-05-09 13:55:31', '111.85.27.178', 1, '查看文章栏目列表页面；查看添加文章栏目页面；', '2018-05-09 13:55:49'),
(72, 0, 'c73bc03e-9b8a-4eae-a0eb-c76cc767c3ff', 'admin', '******', '2018-05-09 13:55:43', '113.201.51.219', 1, '查看基本配置；', '2018-05-09 13:55:49'),
(73, 0, '4d5f143b-3138-49db-92d5-a3361bc40782', 'admin', '******', '2018-05-09 13:55:46', '218.56.32.164', 1, '查看基本配置；查看文章栏目列表页面；查看文章列表;查看商品栏目列表页面；查看商品列表;', '2018-05-09 13:58:12'),
(74, 0, 'ca2ea3eb-0e6c-41b4-aa74-dc69100d7704', 'admin', '******', '2018-05-09 13:55:48', '113.246.105.32', 1, NULL, '2018-05-09 13:55:48'),
(75, 0, '04d23a5e-c99f-44b2-8c82-92a1418671f1', 'admin', '******', '2018-05-09 13:56:06', '222.209.200.129', 1, '查看基本配置；查看广告分类列表页面；查看文章栏目列表页面；查看添加文章栏目页面；', '2018-05-09 13:58:05'),
(76, 0, 'fc5fc509-3f74-4a43-b618-a38dcf1dc72c', 'admin', '******', '2018-05-09 13:56:09', '59.42.29.156', 1, '查看基本配置；查看SMTP配置；查看附件配置；查看Robots.txt;', '2018-05-09 13:56:28'),
(77, 0, '94174aa5-dd06-44ed-baff-5a331b377685', 'admin', '******', '2018-05-09 13:56:25', '113.116.124.217', 1, '查看用户组列表;查看/编辑用户组（1）详情;查看订单列表;', '2018-05-09 13:58:10'),
(78, 0, 'b0a282e2-57ad-4ea8-97d0-19939ec445b9', 'admin', '******', '2018-05-09 13:56:42', '60.209.8.183', 1, '查看SMTP配置；查看文章栏目列表页面；查看文章列表;查看商品栏目列表页面；查看商品列表;查看订单列表;查看在线支付订单列表;查看用户组列表;查看用户列表;查看管理组列表;查看管理员列表查看后台事件列表（keyword:;page:0;limit:20）;查看/编辑我的信息;后台管理日志留言列表(page:1);查看留言分类列表页面；查看留言列表(page:1);查看广告分类列表页面；查看广告列表;查看友情链接分类列表页面；查看友情链接列表;', '2018-05-09 13:59:00'),
(79, 0, 'c5696011-87bc-434a-8987-1dbc525fcbb1', 'admin', '******', '2018-05-09 13:56:45', '125.111.118.42', 1, '查看文章栏目列表页面；查看管理组列表;查看管理组（1）详情;', '2018-05-09 13:57:46'),
(80, 0, '34a6064d-1097-4379-8480-b9e4ae3a0fd8', 'admin', '******', '2018-05-09 13:57:03', '123.126.110.41', 1, NULL, '2018-05-09 13:57:03'),
(81, 0, 'e3dbef89-3969-4a5b-ad16-f491a8b4d97b', 'admin', '******', '2018-05-09 13:57:07', '113.109.211.125', 1, '查看SMTP配置；查看Robots.txt;查看Robots.txt;查看附件配置；查看文章栏目列表页面；查看添加文章栏目页面；查看添加文章栏目页面；查看商品栏目列表页面；查看商品列表;查看订单列表;查看管理组列表;查看管理员列表查看后台事件列表（keyword:;page:0;limit:20）;查看/编辑我的信息;后台管理日志留言列表(page:1);后台管理日志留言列表(page:1);查看留言分类列表页面；查看留言列表(page:1);查看广告分类列表页面；查看广告列表;', '2018-05-09 14:00:45'),
(82, 0, '32a572eb-544b-4d39-8568-cc8efc33e51d', 'admin', '******', '2018-05-09 13:57:32', '219.143.33.50', 1, '查看基本配置；修改站点基本配置；查看基本配置；查看管理组列表;查看管理员列表查看后台事件列表（keyword:;page:0;limit:20）;后台管理日志留言列表(page:1);查看管理日志详情(67);查看商品栏目列表页面；查看商品列表;', '2018-05-09 14:01:16'),
(83, 0, 'b6c171c9-c1b3-41fb-a9ab-4f02b979f0e3', 'admin2', 'admin', '2018-05-09 13:57:41', '59.42.29.156', 0, '登录失败：用户名错误。', '2018-05-09 13:57:41'),
(84, 0, '42a1c3fb-54ae-4d42-bf5b-e143a7fc0c74', 'admin2', 'admin2', '2018-05-09 13:57:44', '59.42.29.156', 0, '登录失败：用户名错误。', '2018-05-09 13:57:44'),
(85, 0, '8124d4bd-b273-49fc-bd6e-27c34b693089', 'admin', 'admin2', '2018-05-09 13:57:46', '59.42.29.156', 0, '登录失败：密码错误。', '2018-05-09 13:57:46'),
(86, 0, '066f7d7e-9b54-4b66-85d1-b597ffed2ccd', 'admin', '******', '2018-05-09 13:57:52', '118.242.27.110', 1, '查看管理组列表;查看管理组（1）详情;查看用户列表;查看留言分类列表页面；', '2018-05-09 13:59:27'),
(87, 0, '3185de5b-ff4c-4069-8f76-711b1b712aa7', 'admin', '******', '2018-05-09 13:58:23', '218.56.32.164', 1, '查看管理组列表;查看管理员列表查看后台事件列表（keyword:;page:0;limit:20）;后台管理日志留言列表(page:1);', '2018-05-09 13:58:46'),
(88, 0, '0959449e-5208-4231-8663-09a15d118db6', 'admin', '******', '2018-05-09 13:58:45', '180.168.70.38', 1, '查看基本配置；查看SMTP配置；查看商品栏目列表页面；查看商品列表;查看用户组列表;查看用户列表;查看管理组列表;查看管理员列表查看后台事件列表（keyword:;page:0;limit:20）;查看留言列表(page:1);查看留言分类列表页面；查看添加后台事件页面;查看广告列表;查看广告分类列表页面；查看友情链接分类列表页面；查看友情链接列表;', '2018-05-09 14:02:17'),
(89, 0, '9c199fea-7725-4985-85b7-f62495947e65', 'admin', '******', '2018-05-09 14:00:58', '61.185.204.50', 1, '查看基本配置；查看文章栏目列表页面；查看文章列表;查看商品栏目列表页面；查看商品列表;查看管理组列表;查看管理员列表查看后台事件列表（keyword:;page:0;limit:20）;查看广告分类列表页面；查看广告列表;查看友情链接分类列表页面；查看友情链接列表;查看用户组列表;查看用户列表;查看订单列表;查看在线支付订单列表;查看添加商品页面;', '2018-05-09 14:01:54'),
(90, 0, 'cafdbbca-a8d0-4e34-a512-812d4bf4ae84', 'admin', '123456', '2018-05-09 14:06:18', '60.1.217.107', 0, '登录失败：密码错误。', '2018-05-09 14:06:18'),
(91, 0, '0203bf66-9313-463a-9e12-ab456685bb95', 'administrator', '123456', '2018-05-09 14:06:38', '60.1.217.107', 0, '登录失败：用户名错误。', '2018-05-09 14:06:38'),
(92, 0, 'e240dd2e-b4b1-4d76-878e-59d6b9ca0925', 'administrator', 'admin', '2018-05-09 14:06:52', '60.1.217.107', 0, '登录失败：用户名错误。', '2018-05-09 14:06:52'),
(93, 0, '069b61fa-99fa-459b-8d7f-0af2e9b6ff22', 'admin', '******', '2018-05-09 14:07:16', '113.111.61.221', 1, '查看基本配置；查看SMTP配置；查看附件配置；查看Robots.txt;查看文章栏目列表页面；查看文章列表;查看文章(4);查看广告分类列表页面；查看留言分类列表页面；查看留言列表(page:1);查看用户组列表;查看用户列表;查看商品列表;查看文章(4);查看文章(3);查看文章(2);查看文章(1);', '2018-05-09 14:09:50'),
(94, 0, 'd35c7e99-1502-4ec1-98ee-0952cec0586d', '쇌သ龾闡ᦟ즇', '쇌သ龾闡ᦟ즇', '2018-05-09 14:07:40', '60.1.217.107', 0, '登录失败：用户名错误。', '2018-05-09 14:07:40'),
(95, 0, '3b473683-cc20-4cdc-a75e-41afc55dc390', 'admin', '******', '2018-05-09 14:07:44', '218.244.55.154', 1, '查看商品栏目列表页面；查看文章栏目列表页面；查看文章列表;查看/编辑文章栏目（id:1）页面；修改文章栏目(id:1);查看文章栏目列表页面；查看/编辑文章栏目（id:1）页面；查看文章栏目列表页面；查看商品列表;查看订单列表;查看在线支付订单列表;查看用户列表;查看用户组列表;查看/编辑用户组（1）详情;编辑用户组（1）;查看/编辑用户组（1）详情;查看管理组列表;查看管理员列表查看后台事件列表（keyword:;page:0;limit:20）;查看/编辑我的信息;后台管理日志留言列表(page:1);', '2018-05-09 14:09:44'),
(96, 0, '7b008ca5-c06b-4f8d-8645-c4a44fe49b08', '쇌သ龾闡ᦟ즇', '쇌သ龾闡ᦟ즇', '2018-05-09 14:07:50', '60.1.217.107', 0, '登录失败：用户名错误。', '2018-05-09 14:07:50'),
(97, 0, '318d766c-1620-4fc5-bbe9-4c32d49588de', 'admin', '******', '2018-05-09 14:08:13', '120.37.184.70', 1, '查看管理组列表;查看管理组（1）详情;查看管理组（1）详情;', '2018-05-09 14:27:21'),
(98, 0, '29395ffe-6aa9-4a23-b27a-b44625f6b71c', 'admin', '******', '2018-05-09 14:08:24', '60.190.100.98', 1, '查看基本配置；查看管理组列表;查看管理组（1）详情;查看添加管理页面;查看管理员列表查看/编辑管理员(admin);查看后台事件列表（keyword:;page:0;limit:20）;查看/编辑我的信息;后台管理日志留言列表(page:1);查看管理日志详情(104);查看留言分类列表页面；查看留言列表(page:1);查看用户组列表;查看用户列表;查看添加管理员页面;查看添加管理页面;查看管理组列表;', '2018-05-09 14:13:42'),
(99, 0, '4d409ad6-77f2-4e13-8bdd-f3dbd64f3cb1', '쇌သ龾闡ᦟ즇', '쇌သ龾闡ᦟ즇', '2018-05-09 14:09:19', '60.1.217.107', 0, '登录失败：用户名错误。', '2018-05-09 14:09:19'),
(100, 0, 'c4bdfe33-1873-493f-b61e-fdb541a4b10d', 'admin', '******', '2018-05-09 14:09:35', '117.136.72.2', 1, '查看基本配置；查看文章栏目列表页面；查看文章栏目列表页面；查看文章列表;查看商品列表;查看订单列表;', '2018-05-09 15:17:44'),
(101, 0, '673d2ef9-f5e1-4dfa-8446-0c5d8542298f', '쇌သ龾闡ᦟ즇', '쇌သ龾闡ᦟ즇', '2018-05-09 14:09:38', '60.1.217.107', 0, '登录失败：用户名错误。', '2018-05-09 14:09:38'),
(102, 0, '9338467d-9781-4f78-962b-0911a59c3ce9', 'admin', '******', '2018-05-09 14:10:11', '115.239.244.234', 1, '查看广告分类列表页面；查看订单列表;查看基本配置；查看SMTP配置；查看附件配置；查看Robots.txt;查看文章栏目列表页面；查看文章列表;', '2018-05-09 14:10:49'),
(103, 0, 'c07e93d5-aab3-40f3-82e2-ece9508b9ad8', 'admin', '******', '2018-05-09 14:11:02', '219.76.153.140', 1, '查看文章栏目列表页面；查看在线支付订单列表;查看留言分类列表页面；查看留言列表(page:1);查看SMTP配置；查看附件配置；查看用户组列表;查看用户列表;查看管理组列表;查看添加管理页面;查看添加管理页面;查看留言分类列表页面；查看商品栏目列表页面；查看商品列表;查看附件配置；查看SMTP配置；', '2018-05-09 14:14:02'),
(104, 0, 'd5e086ad-715d-4cdf-951b-a46d200c6954', 'admin', '******', '2018-05-09 14:11:10', '171.221.148.32', 1, '查看商品栏目列表页面；查看添加商品栏目页面；查看添加商品栏目页面；', '2018-05-09 14:11:33'),
(105, 0, '750f212d-f59f-4f48-bc67-67822f14a9c0', 'b1002', 'ddddd', '2018-05-09 14:12:27', '122.231.79.55', 0, '登录失败：用户名错误。', '2018-05-09 14:12:27'),
(106, 0, 'aa1fde62-5edd-46be-874a-97fac5ffb32a', 'admin', '******', '2018-05-09 14:14:10', '116.25.96.70', 1, '查看文章栏目列表页面；查看文章列表;查看文章(4);查看商品栏目列表页面；查看添加商品栏目页面；查看商品列表;查看添加商品页面;查看订单列表;查看在线支付订单列表;查看用户列表;查看管理员列表查看后台事件列表（keyword:;page:0;limit:20）;后台管理日志留言列表(page:1);查看留言列表(page:1);查看留言分类列表页面；查看广告分类列表页面；查看广告列表;查看添加广告页面;', '2018-05-09 14:18:49'),
(107, 0, '2c147b0f-7751-4903-b3b5-31368176b73d', 'admin', '******', '2018-05-09 14:15:01', '101.81.71.222', 1, '查看基本配置；查看SMTP配置；查看附件配置；查看Robots.txt;查看文章栏目列表页面；查看文章列表;查看文章(4);查看订单列表;查看在线支付订单列表;查看广告分类列表页面；查看SMTP配置；查看Robots.txt;修改Robots.txt成功;查看Robots.txt;修改Robots.txt成功;查看Robots.txt;修改Robots.txt成功;查看Robots.txt;修改Robots.txt成功;查看Robots.txt;修改Robots.txt成功;查看Robots.txt;修改Robots.txt成功;查看Robots.txt;修改Robots.txt成功;查看Robots.txt;修改Robots.txt成功;查看Robots.txt;修改Robots.txt成功;查看Robots.txt;查看文章栏目列表页面；删除文章栏目(id:1);查看文章栏目列表页面；查看添加文章栏目页面；添加文章栏目(id:2);查看文章栏目列表页面；查看文章栏目列表页面；查看文章栏目列表页面；查看订单列表;查看在线支付订单列表;查看用户列表;查看用户组列表;查看/编辑用户组（1）详情;查看/编辑用户组（2）详情;编辑用户组（2）;查看用户组列表;查看/编辑用户组（3）详情;编辑用户组（3）;查看用户组列表;查看用户组列表;查看用户组列表;', '2018-05-09 14:17:39'),
(108, 0, 'dc031126-5a70-4a9f-8d19-3082cfc94980', 'admin', '******', '2018-05-09 14:15:27', '182.50.115.53', 1, '查看友情链接分类列表页面；查看友情链接列表;', '2018-05-09 14:17:20'),
(109, 0, 'a4e13b3e-5952-4973-b613-d4218ed4ab03', 'admin', '******', '2018-05-09 14:15:54', '112.64.30.17', 1, '查看文章栏目列表页面；查看文章列表;查看管理组列表;查看管理员列表查看后台事件列表（keyword:;page:0;limit:20）;查看用户组列表;查看用户列表;查看订单列表;查看在线支付订单列表;查看商品栏目列表页面；查看商品列表;查看基本配置；查看SMTP配置；查看附件配置；查看Robots.txt;', '2018-05-09 14:31:08'),
(110, 0, '3f94a6f5-251d-43c6-af49-26ee7e4310e9', 'admin', '******', '2018-05-09 14:17:15', '182.242.103.76', 1, '查看基本配置；查看SMTP配置；查看附件配置；查看Robots.txt;查看文章栏目列表页面；查看文章列表;查看商品栏目列表页面；查看订单列表;查看用户组列表;查看用户列表;查看管理组列表;查看管理员列表查看留言分类列表页面；查看留言列表(page:1);查看广告分类列表页面；查看广告列表;', '2018-05-09 14:19:08'),
(111, 0, '8699f81e-4d7e-45ab-8329-ddfd6c7d63ba', 'admin', '******', '2018-05-09 14:17:43', '101.81.71.222', 1, NULL, '2018-05-09 14:17:43'),
(112, 0, 'c8fe13a3-faec-47e5-9de7-b811492c2ae8', 'admin', '******', '2018-05-09 14:23:46', '36.110.112.202', 1, '查看基本配置；查看文章列表;查看添加文章页面;查看添加文章页面;查看文章栏目列表页面；查看添加文章页面;查看添加文章栏目页面；查看商品栏目列表页面；查看商品列表;查看订单列表;查看在线支付订单列表;查看用户组列表;查看用户列表;查看管理员列表查看后台事件列表（keyword:;page:0;limit:20）;查看/编辑我的信息;查看管理组列表;', '2018-05-09 14:28:18'),
(113, 0, '5ca816ae-9766-49e1-a479-dda5458e5a2a', 'admin', '******', '2018-05-09 14:25:57', '220.178.65.131', 1, '查看基本配置；查看SMTP配置；查看附件配置；查看文章栏目列表页面；查看文章列表;查看商品栏目列表页面；查看商品列表;查看订单列表;查看在线支付订单列表;查看用户组列表;查看用户列表;查看管理组列表;查看管理员列表查看/编辑我的信息;后台管理日志留言列表(page:1);查看留言分类列表页面；查看留言列表(page:1);查看广告分类列表页面；查看广告列表;查看友情链接列表;查看文章栏目列表页面；查看添加文章栏目页面；添加文章栏目(id:3);查看文章栏目列表页面；查看/编辑文章栏目（id:2）页面；查看/编辑文章栏目（id:3）页面；查看基本配置；查看SMTP配置；查看附件配置；查看订单列表;查看在线支付订单列表;查看用户列表;查看用户组列表;查看用户组列表;', '2018-05-09 14:34:04'),
(114, 0, '243f6616-7dd3-4f12-8967-36cd320c0e89', 'admin', '******', '2018-05-09 14:29:38', '60.190.100.98', 1, '查看管理组列表;查看管理员列表查看添加管理员页面;查看添加管理页面;', '2018-05-09 14:30:18'),
(115, 0, '38471b44-5fda-4925-ac79-1f1bb4e88a7d', 'admin', '******', '2018-05-09 14:35:05', '115.236.68.205', 1, '查看基本配置；查看SMTP配置；查看在线支付订单列表;查看管理组列表;查看管理员列表', '2018-05-09 14:35:52'),
(116, 0, '24ad62b6-1b78-41ab-a6e6-af7570b6ae73', 'admin', '******', '2018-05-09 14:35:29', '113.140.27.178', 1, '查看基本配置；查看SMTP配置；查看附件配置；查看Robots.txt;查看管理组列表;查看管理员列表查看后台事件列表（keyword:;page:0;limit:20）;', '2018-05-09 14:36:05'),
(117, 0, 'e069ce27-4844-4eb1-9153-02a138ae3925', 'admin', '******', '2018-05-09 15:25:19', '180.157.157.128', 1, '查看基本配置；查看附件配置；查看SMTP配置；查看Robots.txt;查看文章栏目列表页面；查看添加文章栏目页面；查看广告分类列表页面；查看留言分类列表页面；查看留言列表(page:1);查看管理组列表;查看管理员列表查看后台事件列表（keyword:;page:0;limit:20）;', '2018-05-09 15:29:49'),
(118, 0, '77fef592-cda3-4eb1-9f81-9d9601814edf', 'admin', '******', '2018-05-09 15:29:12', '219.142.102.162', 1, '查看基本配置；查看SMTP配置；查看附件配置；查看Robots.txt;查看文章栏目列表页面；查看文章列表;查看商品栏目列表页面；查看商品列表;查看订单列表;查看在线支付订单列表;查看管理组列表;查看管理员列表查看后台事件列表（keyword:;page:0;limit:20）;后台管理日志留言列表(page:1);查看管理日志详情(118);查看留言分类列表页面；查看留言列表(page:1);查看广告分类列表页面；查看广告列表;查看友情链接分类列表页面；查看友情链接列表;查看管理员列表查看留言分类列表页面；修改附件配置;查看附件配置；修改附件配置;查看附件配置；修改附件配置;查看附件配置；查看广告列表;查看友情链接列表;查看后台事件列表（keyword:;page:0;limit:20）;查看基本配置；', '2018-05-09 15:51:21'),
(119, 0, '71eba7dd-d453-4e26-806e-e898a550cb95', 'a', 'asssss', '2018-05-09 15:34:08', '125.120.158.205', 0, '登录失败：用户名错误。', '2018-05-09 15:34:08'),
(120, 0, 'fb6448be-0f6a-466f-bd02-f0fe7ffe80cb', 'a', 'asssss', '2018-05-09 15:34:13', '125.120.158.205', 0, '登录失败：用户名错误。', '2018-05-09 15:34:13'),
(121, 0, 'a9683318-df2d-49a1-9347-abb55d534757', 'a', 'asssss', '2018-05-09 15:34:15', '125.120.158.205', 0, '登录失败：用户名错误。', '2018-05-09 15:34:15'),
(122, 0, '7e81cde7-a801-4b5a-914b-0adb2791e42d', 'admin', '******', '2018-05-09 16:01:22', '116.4.8.229', 1, '查看用户组列表;查看/编辑用户组（1）详情;查看用户列表;查看管理组列表;查看管理员列表查看/编辑管理员(admin);查看后台事件列表（keyword:;page:0;limit:20）;查看添加管理页面;查看留言分类列表页面；查看留言列表(page:1);后台管理日志留言列表(page:1);查看/编辑我的信息;查看文章栏目列表页面；查看文章列表;查看基本配置；查看SMTP配置；查看附件配置；查看Robots.txt;查看商品栏目列表页面；查看商品列表;查看订单列表;查看基本配置；查看管理组列表;查看管理组（1）详情;查看管理组列表;', '2018-05-09 16:17:46'),
(123, 0, '1c783940-f37b-4d53-850f-b90077b3f87d', 'admin', '******', '2018-05-09 16:13:47', '182.139.182.231', 1, '查看用户组列表;查看用户列表;查看管理组列表;查看添加管理页面;查看管理员列表查看后台事件列表（keyword:;page:0;limit:20）;后台管理日志留言列表(page:1);查看/编辑我的信息;查看添加后台事件页面;查看基本配置；查看文章列表;查看商品栏目列表页面；查看添加商品栏目页面；查看商品列表;查看管理组（1）详情;查看用户组列表;', '2018-05-09 16:22:39'),
(124, 0, 'd3a8559f-251c-4f23-8190-0937e598ba59', 'admin', '******', '2018-05-09 16:18:30', '116.24.101.113', 1, '查看文章栏目列表页面；查看/编辑文章栏目（id:2）页面；查看添加文章栏目页面；查看/编辑文章栏目（id:3）页面；查看文章列表;查看管理组列表;查看管理组（1）详情;查看添加管理页面;查看管理员列表查看添加管理员页面;查看后台事件列表（keyword:;page:0;limit:20）;查看添加后台事件页面;查看/编辑我的信息;后台管理日志留言列表(page:1);查看管理日志详情(124);查看友情链接列表;查看友情链接分类列表页面；查看广告列表;查看广告分类列表页面；查看/编辑管理员(admin);查看/编辑管理员(admin);查看添加管理员页面;后台管理日志留言列表(page:1);查看管理日志详情(125);查看管理日志详情(125);查看添加后台事件页面;', '2018-05-09 16:56:51'),
(125, 0, 'f79d2fb7-ca04-496c-b6e7-53327796f109', 'admin', '******', '2018-05-09 16:35:23', '113.109.211.125', 1, '查看文章栏目列表页面；查看添加文章栏目页面；查看添加文章栏目页面；查看/编辑文章栏目（id:2）页面；修改文章栏目(id:2);查看文章栏目列表页面；查看/编辑文章栏目（id:2）页面；查看文章栏目列表页面；查看文章栏目列表页面；', '2018-05-09 16:55:24'),
(126, 0, '701238b2-4955-43a5-951d-5ba337f8cfd4', 'admin', '******', '2018-05-09 19:45:25', '223.104.3.147', 1, '查看文章栏目列表页面；查看商品列表;查看商品栏目列表页面；', '2018-05-09 19:45:58'),
(127, 0, '2257d112-3395-41ce-8748-4f6bbc73dc9b', 'admin', '******', '2018-05-10 08:03:17', '14.16.245.199', 1, NULL, '2018-05-10 08:03:17'),
(128, 0, 'a33e3b15-b1f4-46ae-ac9d-aa9028f34a05', 'admin', '******', '2018-05-10 14:03:17', '115.238.81.206', 1, '查看基本配置；查看SMTP配置；查看附件配置；查看Robots.txt;查看文章栏目列表页面；查看文章列表;查看SMTP配置；查看文章栏目列表页面；查看文章栏目列表页面；查看文章栏目列表页面；查看添加文章栏目页面；查看/编辑文章栏目（id:2）页面；修改文章栏目(id:2);查看文章栏目列表页面；查看文章栏目列表页面；查看文章列表;查看基本配置；查看SMTP配置；查看附件配置；查看Robots.txt;查看商品栏目列表页面；查看商品列表;查看订单列表;查看在线支付订单列表;查看用户组列表;查看用户列表;查看管理组列表;查看管理员列表查看后台事件列表（keyword:;page:0;limit:20）;查看/编辑我的信息;后台管理日志留言列表(page:1);查看留言分类列表页面；查看留言列表(page:1);查看广告分类列表页面；查看广告列表;查看友情链接分类列表页面；查看友情链接列表;', '2018-05-10 14:05:22'),
(129, 0, '4c746df8-1afd-4d20-aadb-9a6776b258f2', 'admin', '******', '2018-05-10 18:29:28', '116.24.101.29', 1, '查看后台事件列表（keyword:;page:0;limit:20）;', '2018-05-10 18:29:37'),
(130, 0, 'bcf3fb96-38a7-42c0-abbe-5d4146107c9d', 'admin', '******', '2018-05-10 18:33:01', '116.24.101.29', 1, '查看文章栏目列表页面；查看商品列表;查看商品栏目列表页面；查看管理员列表', '2018-05-10 18:33:48'),
(131, 0, '80f8193d-b2e3-4be6-88f7-d67b27628357', 'admin', '******', '2018-05-15 10:50:15', '113.109.210.16', 1, '查看文章栏目列表页面；查看文章列表;', '2018-05-15 10:51:00'),
(132, 0, '2d39cf17-8163-41dc-896f-5618c9fa5364', 'admin', '******', '2018-05-15 19:56:39', '61.140.234.154', 1, '后台管理日志留言列表(page:1);查看管理日志详情(131);查看文章栏目列表页面；查看文章列表;后台管理日志留言列表(page:1);', '2018-05-15 20:09:18'),
(133, 0, 'f15003bb-7465-4574-a469-8a54859819eb', 'admin', '******', '2018-05-15 19:59:52', '223.104.65.143', 1, NULL, '2018-05-15 19:59:52'),
(134, 0, 'c7452568-8475-4d0c-8539-94ad7f0774d2', 'admin', '******', '2018-05-15 20:02:08', '112.65.48.77', 1, NULL, '2018-05-15 20:02:08'),
(135, 0, 'a153f85d-01f8-4bfb-8021-bfeaa5945aa6', 'admin', '******', '2018-05-15 20:04:02', '112.28.148.191', 1, '查看基本配置；查看附件配置；查看Robots.txt;查看文章栏目列表页面；查看文章列表;查看商品栏目列表页面；查看商品列表;查看订单列表;查看在线支付订单列表;查看管理组列表;查看管理员列表查看广告分类列表页面；查看广告列表;查看友情链接分类列表页面；查看友情链接列表;', '2018-05-15 20:04:59'),
(136, 0, '0ec2feaf-cd6c-4fa7-8efe-9842c8ec2072', 'admin', '******', '2018-05-15 20:05:41', '1.68.33.172', 1, '查看管理组列表;查看管理员列表查看后台事件列表（keyword:;page:0;limit:20）;后台管理日志留言列表(page:1);查看基本配置；查看SMTP配置；查看附件配置；查看Robots.txt;查看SMTP配置；查看基本配置；', '2018-05-15 20:15:38'),
(137, 0, '17d7a604-479c-47b3-8b7f-97c6f155d4c4', 'admin', '******', '2018-05-15 20:17:40', '60.190.4.14', 1, '查看基本配置；查看Robots.txt;查看商品列表;查看商品栏目列表页面；查看用户组列表;查看/编辑用户组（1）详情;查看管理组列表;查看管理组（1）详情;查看管理员列表查看留言分类列表页面；查看文章栏目列表页面；查看添加文章栏目页面；查看用户列表;查看文章列表;查看用户组列表;查看管理组列表;查看管理员列表查看后台事件列表（keyword:;page:0;limit:20）;后台管理日志留言列表(page:1);查看Robots.txt;查看附件配置；查看商品列表;查看广告列表;查看添加广告页面;', '2018-05-15 20:27:17'),
(138, 0, 'ccdc86d0-c78a-4e76-92dc-472717b8d4b6', 'admin', '******', '2018-05-15 20:21:32', '182.42.64.116', 1, '查看基本配置；查看管理组列表;查看商品栏目列表页面；查看SMTP配置；查看添加商品栏目页面；查看商品栏目列表页面；', '2018-05-15 20:21:57'),
(139, 0, 'ea4f9a23-83e4-4a2b-a613-5a941693c1a7', 'admin', '******', '2018-05-17 11:54:56', '61.140.234.154', 1, '查看文章栏目列表页面；查看文章列表;', '2018-05-17 11:55:10'),
(140, 0, 'd43aac73-e932-4afd-854d-21f77e893302', 'admin', '******', '2018-05-17 22:07:48', '119.39.248.50', 1, NULL, '2018-05-17 22:07:48'),
(141, 0, '12a2d97e-464c-4202-89a3-120a30c8a547', 'admin', '******', '2018-05-17 22:08:37', '119.39.248.50', 1, '查看商品栏目列表页面；查看订单列表;查看商品列表;', '2018-05-17 22:10:31'),
(142, 0, '09e22830-2ade-4bbb-94b6-38e825bb7c9f', 'admin', '******', '2018-05-17 22:09:22', '61.140.234.154', 1, '查看后台事件列表（keyword:;page:0;limit:20）;查看管理组列表;查看管理组（1）详情;', '2018-05-17 22:09:58'),
(143, 0, '1545bb1b-ce37-43d7-ab2e-188913fe5b76', 'admin', '******', '2018-05-17 22:13:49', '60.6.229.156', 1, '查看基本配置；查看SMTP配置；查看用户组列表;查看用户列表;查看管理组列表;查看管理员列表查看后台事件列表（keyword:;page:0;limit:20）;查看添加后台事件页面;查看/编辑我的信息;查看订单列表;查看在线支付订单列表;查看商品栏目列表页面；查看商品列表;查看文章栏目列表页面；查看文章列表;查看附件配置；查看Robots.txt;查看广告分类列表页面；查看广告列表;查看友情链接分类列表页面；查看友情链接列表;', '2018-05-17 22:15:10'),
(144, 0, '1c4bd7ee-fbbb-42bf-9cb7-07a6ba974fb9', 'admin', '******', '2018-05-19 14:32:23', '180.157.148.69', 1, '查看基本配置；查看SMTP配置；修改站点基本配置；查看基本配置；修改站点基本配置；查看基本配置；查看SMTP配置；修改站点基本配置；查看基本配置；', '2018-05-19 14:34:59'),
(145, 0, 'dcc296f8-42e5-4994-822e-65ea540af165', 'admin', '******', '2018-06-01 19:54:32', '113.109.108.143', 1, NULL, '2018-06-01 19:54:32'),
(146, 0, '46a3662f-7423-4a65-81b9-e52dba4af553', 'admin', '******', '2018-06-02 09:58:21', '113.109.108.143', 1, '查看文章栏目列表页面；查看基本配置；查看/编辑文章栏目（id:2）页面；查看广告分类列表页面；', '2018-06-02 10:02:45'),
(147, 0, '085ffb3a-78fc-4422-9abe-915aa0259982', 'admin', '******', '2018-06-02 09:59:38', '111.58.212.103', 1, '查看基本配置；查看文章栏目列表页面；查看文章列表;查看管理组列表;查看管理员列表查看后台事件列表（keyword:;page:0;limit:20）;查看SMTP配置；查看Robots.txt;查看附件配置；', '2018-06-02 10:18:57'),
(148, 0, 'f940430b-3980-4e46-883d-a33b4c4e5527', 'admin', '******', '2018-06-02 10:06:17', '121.18.229.234', 1, '查看基本配置；查看文章列表;查看商品列表;查看在线支付订单列表;查看后台事件列表（keyword:;page:0;limit:20）;后台管理日志留言列表(page:1);查看广告列表;', '2018-06-02 10:06:43'),
(149, 0, '7343f2f8-0646-4a80-88c2-19807789f0fa', 'admin', '******', '2018-06-02 10:08:12', '61.242.61.116', 1, '查看广告分类列表页面；查看广告列表;查看友情链接分类列表页面；', '2018-06-02 10:08:34'),
(150, 0, 'bbc5d8de-c4dc-4ca5-bcdb-1b8f7ef64b88', 'admin', '******', '2018-06-02 10:11:03', '119.98.80.219', 1, '查看基本配置；查看文章栏目列表页面；查看/编辑文章栏目（id:2）页面；查看添加文章栏目页面；查看文章列表;查看订单列表;查看用户组列表;查看用户列表;查看管理组列表;查看管理员列表查看后台事件列表（keyword:;page:0;limit:20）;', '2018-06-02 11:22:07'),
(151, 0, 'bd7fc48c-8600-44f7-aeb4-e9f659d1d79d', 'admin', '123456', '2018-06-02 10:16:05', '61.154.168.4', 0, '登录失败：密码错误。', '2018-06-02 10:16:05'),
(152, 0, '74a30aeb-8e4b-4617-9658-786995edd12d', 'admin', '******', '2018-06-02 10:49:06', '1.202.91.134', 1, '查看基本配置；查看SMTP配置；查看附件配置；查看Robots.txt;查看文章栏目列表页面；查看添加文章栏目页面；查看文章列表;查看商品栏目列表页面；查看商品列表;查看订单列表;查看在线支付订单列表;查看用户列表;查看用户组列表;查看管理组列表;查看管理员列表查看后台事件列表（keyword:;page:0;limit:20）;查看/编辑我的信息;后台管理日志留言列表(page:1);', '2018-06-02 10:50:55'),
(153, 0, '58f0d0e3-f3b2-40d1-acdd-960029536d18', 'admin', '******', '2018-06-02 10:52:23', '113.110.215.47', 1, '查看基本配置；查看SMTP配置；查看文章栏目列表页面；查看文章列表;查看商品栏目列表页面；查看商品列表;查看管理组列表;查看添加管理页面;', '2018-06-02 10:52:51'),
(154, 0, '797a6e0b-50b0-4786-9dd2-a43c5217c9de', 'admin', '******', '2018-06-02 11:17:19', '101.81.105.93', 1, '查看用户组列表;查看用户列表;查看管理组列表;查看管理组（1）详情;查看后台事件列表（keyword:;page:0;limit:20）;查看/编辑我的信息;后台管理日志留言列表(page:1);查看管理员列表查看添加管理员页面;查看添加管理页面;', '2018-06-02 11:20:06'),
(155, 0, '841a0532-59c5-4d2d-9e00-1989c5b27bfc', 'admin', '******', '2018-06-02 12:30:28', '223.73.119.179', 1, '查看基本配置；查看附件配置；查看文章栏目列表页面；', '2018-06-02 12:30:36'),
(156, 0, '0522a44d-9ab9-41dc-a74d-8c66f3f5180e', 'admin', '******', '2018-06-02 13:17:07', '180.166.232.222', 1, '查看基本配置；查看SMTP配置；查看附件配置；查看Robots.txt;查看文章栏目列表页面；查看文章列表;查看商品列表;查看商品栏目列表页面；查看添加商品栏目页面；添加商品栏目(id:1);查看商品栏目列表页面；查看用户列表;查看用户组列表;查看/编辑用户组（3）详情;查看用户组列表;查看用户组列表;查看管理组列表;查看管理员列表查看后台事件列表（keyword:;page:0;limit:20）;查看广告分类列表页面；查看广告列表;查看友情链接列表;查看SMTP配置；查看商品列表;查看管理组列表;', '2018-06-02 13:19:09'),
(157, 0, 'd817d924-a851-4b01-8f1b-7412cd345822', 'admin', '******', '2018-06-02 13:32:48', '222.82.254.34', 1, '查看文章栏目列表页面；查看订单列表;查看基本配置；查看SMTP配置；查看广告分类列表页面；后台管理日志留言列表(page:1);查看管理日志详情(157);查看管理日志详情(151);查看管理日志详情(149);查看管理日志详情(148);查看管理日志详情(139);查看管理日志详情(157);查看管理日志详情(157);', '2018-06-02 13:39:34'),
(158, 0, 'a5dc72e8-854a-44dc-a4c0-505bb8d1046e', 'admin', '123456', '2018-06-02 14:20:53', '101.81.105.93', 0, '登录失败：密码错误。', '2018-06-02 14:20:53'),
(159, 0, '1d8abef7-4eda-493e-ad0d-4250cb76bf90', 'admin', '******', '2018-06-02 14:20:58', '101.81.105.93', 1, NULL, '2018-06-02 14:20:58'),
(160, 0, '9077c39d-1275-4b2a-ab07-77a451faf576', 'admin', '******', '2018-06-02 20:22:05', '223.73.119.179', 1, '查看SMTP配置；查看附件配置；查看Robots.txt;查看文章栏目列表页面；查看/编辑文章栏目（id:3）页面；查看文章列表;查看商品栏目列表页面；查看商品列表;查看订单列表;查看在线支付订单列表;查看用户组列表;查看用户列表;查看管理组列表;查看管理员列表查看后台事件列表（keyword:;page:0;limit:20）;后台管理日志留言列表(page:1);查看管理日志详情(158);查看留言分类列表页面；查看留言列表(page:1);查看广告分类列表页面；查看广告列表;查看友情链接分类列表页面；查看友情链接列表;', '2018-06-02 22:08:15'),
(161, 0, 'b1db977d-56af-40e7-ab47-8e371b8d7e2c', 'admin', '******', '2018-06-08 21:35:01', '113.109.108.174', 1, '查看文章栏目列表页面；查看文章列表;查看商品栏目列表页面；查看商品列表;查看基本配置；查看SMTP配置；查看附件配置；查看Robots.txt;查看留言分类列表页面；查看留言列表(page:1);', '2018-06-08 21:39:11'),
(162, 0, '20ee0564-fa23-4c3a-b968-f0be34f833c4', 'admin', '******', '2018-06-08 21:35:11', '39.130.100.69', 1, '查看商品栏目列表页面；查看/编辑商品栏目（id:1）页面；查看添加商品栏目页面；', '2018-06-08 21:35:40'),
(163, 0, '18be152b-b762-49d4-ba9e-476088f21a80', 'admin', '******', '2018-06-08 21:45:04', '125.89.29.248', 1, '查看文章栏目列表页面；', '2018-06-08 21:45:28'),
(164, 0, '46fe1bfc-ba03-4451-a9a9-1522efbfd61c', 'admin', '******', '2018-06-08 21:45:07', '106.34.132.231', 1, '查看订单列表;查看管理员列表查看添加管理员页面;查看商品栏目列表页面；查看添加商品栏目页面；查看商品列表;查看添加商品页面;查看用户列表;查看基本配置；查看SMTP配置；后台管理日志留言列表(page:1);查看管理日志详情(164);查看管理日志详情(158);后台管理日志留言列表(page:7);查看/编辑我的信息;', '2018-06-08 21:49:07'),
(165, 0, 'fc896c7f-e3b0-445b-aef1-ee77b8633289', 'a', 'aaaaa', '2018-06-08 21:48:24', '118.251.54.102', 0, '登录失败：用户名错误。', '2018-06-08 21:48:24'),
(166, 0, '8d1aa748-3ccd-4844-a4b6-a20edec68ed5', 'aaaaaaa', 'aaaaa', '2018-06-08 21:48:27', '118.251.54.102', 0, '登录失败：用户名错误。', '2018-06-08 21:48:27'),
(167, 0, '5268ef75-2380-4a3f-8a25-7528985201b9', 'admin', '******', '2018-06-08 21:48:34', '118.251.54.102', 1, '查看订单列表;', '2018-06-08 21:48:45'),
(168, 0, 'aaeb0171-13d7-4281-86a2-f5ff4db0c92c', 'admin', '123456', '2018-06-08 22:07:40', '113.109.108.174', 0, '登录失败：密码错误。', '2018-06-08 22:07:40'),
(169, 0, 'b26f049f-3fc6-44fd-8462-15efba7772a1', 'a594723492', 'aaaaa', '2018-06-08 22:09:27', '118.251.54.102', 0, '登录失败：用户名错误。', '2018-06-08 22:09:27'),
(170, 0, '2eab0e0b-1345-4c2e-9557-d7361db38b5f', 'admin', 'aaaaa', '2018-06-08 22:23:17', '118.251.54.102', 0, '登录失败：密码错误。', '2018-06-08 22:23:17'),
(171, 0, '45782105-ad82-4312-bf8d-c829ced20f27', 'admin', 'aaaaa', '2018-06-08 22:23:19', '118.251.54.102', 0, '登录失败：密码错误。', '2018-06-08 22:23:19'),
(172, 0, 'c281dad2-4b54-4b98-b3f2-decdacea5745', 'admin', 'aaaaa', '2018-06-08 22:23:20', '118.251.54.102', 0, '登录失败：密码错误。', '2018-06-08 22:23:20'),
(173, 0, '266affb4-293d-47c2-bd5a-7878701f3b7a', 'admin', 'aaaaa', '2018-06-08 22:23:21', '118.251.54.102', 0, '登录失败：密码错误。', '2018-06-08 22:23:21'),
(174, 0, '48ffd14a-6484-4b86-8de1-1af0fbbcdf89', 'admin', 'aaaaa', '2018-06-08 22:23:23', '118.251.54.102', 0, '登录失败：密码错误。', '2018-06-08 22:23:23'),
(175, 0, 'ad63e080-7959-4bc1-8dcb-a40d1d0319da', 'admin', 'aaaaa', '2018-06-08 22:23:24', '118.251.54.102', 0, '登录失败：密码错误。', '2018-06-08 22:23:24'),
(176, 0, 'aacd92c7-685a-4d43-82e4-94f4520c7029', 'admin', 'aaaaa', '2018-06-08 22:23:25', '118.251.54.102', 0, '登录失败：密码错误。', '2018-06-08 22:23:25'),
(177, 0, '48db6b14-929a-4634-a3a7-26cfde43809a', 'admin', 'aaaaa', '2018-06-08 22:23:27', '118.251.54.102', 0, '登录失败：密码错误。', '2018-06-08 22:23:27'),
(178, 0, 'c4c83909-22fe-4a06-816d-924463979314', 'admin', 'aaaaa', '2018-06-08 22:23:28', '118.251.54.102', 0, '登录失败：密码错误。', '2018-06-08 22:23:28'),
(179, 0, '66e38204-ce22-4056-9015-fb20ffd7b718', '是', 's aaaaa', '2018-06-08 22:25:26', '118.251.54.102', 0, '登录失败：用户名错误。', '2018-06-08 22:25:26'),
(180, 0, '44796697-1247-4f64-a4ea-d22c5c43297e', 'admin', '******', '2018-06-08 22:32:24', '117.140.73.45', 1, '查看管理组列表;查看用户组列表;查看基本配置；查看文章栏目列表页面；查看商品栏目列表页面；查看在线支付订单列表;查看留言分类列表页面；查看后台事件列表（keyword:;page:0;limit:20）;', '2018-06-08 22:36:23'),
(181, 0, 'e14d23b7-b6a2-487d-acb1-e3a7f12793f0', 'abx', 'accxd', '2018-06-08 23:03:38', '101.206.170.224', 0, '登录失败：用户名错误。', '2018-06-08 23:03:38'),
(182, 0, '82c269ed-379c-467c-b4cb-2e37a5820401', 'abx', 'accxd', '2018-06-08 23:03:40', '101.206.170.224', 0, '登录失败：用户名错误。', '2018-06-08 23:03:40'),
(183, 0, '74589ecb-f907-4662-bb2b-8066bacb3dc1', 'abx', 'accxd', '2018-06-08 23:03:43', '101.206.170.224', 0, '登录失败：用户名错误。', '2018-06-08 23:03:43'),
(184, 0, '0d95a0ae-1d9e-43fd-a76a-50af26f42b57', 'adminsss', 'admin', '2018-06-08 23:28:22', '101.206.170.224', 0, '登录失败：用户名错误。', '2018-06-08 23:28:22'),
(185, 0, '70787464-afc7-41a6-a6cc-5523377f382d', 'admin', '******', '2018-06-08 23:28:26', '101.206.170.224', 1, NULL, '2018-06-08 23:28:26'),
(186, 0, '2e2eb8e5-fec6-4808-96de-ba16cc78b83a', 'admin', 'adminjdj', '2018-06-08 23:29:01', '101.206.170.224', 0, '登录失败：密码错误。', '2018-06-08 23:29:01'),
(187, 0, 'a9fb43b9-4991-42fb-8175-e3b707fdef5d', 'admin', '******', '2018-06-08 23:29:08', '101.206.170.224', 1, '查看基本配置；查看文章栏目列表页面；查看文章栏目列表页面；查看添加文章栏目页面；', '2018-06-08 23:29:47'),
(188, 0, '3cd77dcf-b15c-4326-8bec-cd1b7690ebdf', 'ssj', 'ddjdddd', '2018-06-08 23:33:44', '101.206.170.224', 0, '登录失败：用户名错误。', '2018-06-08 23:33:44'),
(189, 0, '98daff06-2000-43d5-8014-add0b5eb3b8e', 'sms', 'sssdd', '2018-06-08 23:36:28', '101.206.170.224', 0, '登录失败：用户名错误。', '2018-06-08 23:36:28'),
(190, 0, '60b85d04-3ba3-4875-aced-04690304f5b8', 'zzm', 'znnxxxx', '2018-06-08 23:37:13', '101.206.170.224', 0, '登录失败：用户名错误。', '2018-06-08 23:37:13'),
(191, 0, '84ceb5ac-658e-4f64-b10e-3f55bff885e4', 'admin', 'ssmmnndn', '2018-06-08 23:37:28', '101.206.170.224', 0, '登录失败：密码错误。', '2018-06-08 23:37:28'),
(192, 0, '9147e73e-c7d5-4d69-92ba-eb4a87454847', 'admin', 'asdfadsf', '2018-06-08 23:37:37', '171.214.224.98', 0, '登录失败：密码错误。', '2018-06-08 23:37:37'),
(193, 0, 'b90a7028-0c89-45e5-8b25-f85c21529cc9', 'admin', '123456', '2018-06-08 23:42:30', '171.214.224.98', 0, '登录失败：密码错误。', '2018-06-08 23:42:30'),
(194, 0, '949011c2-142b-4eda-bfc4-3ccdcd017a8f', 'admin', '123456', '2018-06-08 23:42:53', '171.214.224.98', 0, '登录失败：密码错误。', '2018-06-08 23:42:53'),
(195, 0, '97b76241-bc77-42ef-8e36-719d5221a6f8', 'admin', '******', '2018-06-08 23:43:12', '171.214.224.98', 1, NULL, '2018-06-08 23:43:12'),
(196, 0, 'f2a9ca8f-e40e-4b51-816d-0db25765df5b', 'abcde', 'abcde', '2018-06-08 23:45:08', '171.214.224.98', 0, '登录失败：用户名错误。', '2018-06-08 23:45:08'),
(197, 0, '0e0a0d86-1f9e-4a1b-93d5-6049dc191655', 'abcde', 'abcde', '2018-06-09 00:01:22', '171.214.224.98', 0, '登录失败：用户名错误。', '2018-06-09 00:01:22'),
(198, 0, '7df4a88a-a246-4d33-b04a-dd0bbb63c4df', '123123', '123123', '2018-06-09 01:54:50', '171.214.224.98', 0, '登录失败：用户名错误。', '2018-06-09 01:54:50'),
(199, 0, 'c7196d1b-bd3a-4e84-9af4-0e850804872d', 'admin', '******', '2018-06-09 02:04:13', '171.214.224.98', 1, NULL, '2018-06-09 02:04:13'),
(200, 0, '05e6043c-df70-461a-bda0-5ace961c519e', 'admin', '******', '2018-06-09 02:08:48', '171.214.224.98', 1, NULL, '2018-06-09 02:08:48'),
(201, 0, '87f9a838-698e-48b0-90fa-ce6d53725c49', 'admin', '******', '2018-06-09 02:11:19', '171.214.224.98', 1, NULL, '2018-06-09 02:11:19'),
(202, 0, '3e7b4e39-05f4-4172-b0cd-41a38f74883c', 'admin', '******', '2018-06-09 02:24:53', '171.214.224.98', 1, NULL, '2018-06-09 02:24:53'),
(203, 0, 'b16aa946-b72d-4261-8b46-168571e63a33', 'admin', '******', '2018-06-09 02:25:48', '171.214.224.98', 1, NULL, '2018-06-09 02:25:48'),
(204, 0, 'd665bb91-dbce-45dd-8949-7dccb45d41c7', 'admin', '******', '2018-06-09 02:26:10', '171.214.224.98', 1, NULL, '2018-06-09 02:26:10'),
(205, 0, '2facef25-599f-46d7-9366-382637fe82c1', 'admin', '******', '2018-06-09 02:27:01', '171.214.224.98', 1, NULL, '2018-06-09 02:27:01'),
(206, 0, '99850533-eb48-4e07-ab1f-182038930bcb', 'admin', '******', '2018-07-06 15:22:13', '127.0.0.1', 1, '查看基本配置；修改站点基本配置；查看基本配置；查看附件配置；查看Robots.txt;后台管理日志留言列表(page:1);查看基本配置；修改站点基本配置；查看基本配置；', '2018-07-06 16:45:03'),
(207, 0, '117e92b5-cb13-438a-b66d-93539af36557', 'admin', '******', '2018-07-06 15:24:24', '127.0.0.1', 1, '查看广告分类列表页面；查看订单列表;查看在线支付订单列表;查看商品栏目列表页面；查看SMTP配置；查看附件配置；查看Robots.txt;查看广告分类列表页面；查看友情链接分类列表页面；查看广告列表;查看用户组列表;查看用户列表;查看商品栏目列表页面；查看商品列表;查看添加商品页面;', '2018-07-06 15:25:47'),
(208, 0, '4c8676a3-9c81-4f2c-9ca8-4ac97f0adaa2', 'admin', '******', '2018-07-06 15:25:54', '127.0.0.1', 1, '查看订单列表;查看用户列表;查看商品栏目列表页面；查看商品列表;查看基本配置；查看SMTP配置；查看附件配置；', '2018-07-06 15:26:15'),
(209, 0, 'b2ab302a-303f-4b05-bb17-01b89c28d6ca', 'admin', '******', '2018-07-06 15:27:41', '127.0.0.1', 1, '查看附件配置；', '2018-07-06 15:28:54'),
(210, 0, '352470ef-c216-404c-a1c2-36a289170d9d', 'admin', '******', '2018-07-06 15:30:02', '127.0.0.1', 1, '查看基本配置；查看SMTP配置；查看友情链接分类列表页面；查看广告分类列表页面；', '2018-07-06 15:30:19'),
(211, 0, '2a2893de-cbd9-40cf-b56b-936919003105', 'admin', '123456', '2018-07-06 15:32:25', '127.0.0.1', 0, '登录失败：密码错误。', '2018-07-06 15:32:25'),
(212, 0, '23f0c94c-6de4-4cf8-9d78-6d6e72e72857', 'admin', '******', '2018-07-06 15:43:32', '127.0.0.1', 1, '查看广告分类列表页面；查看SMTP配置；查看附件配置；查看Robots.txt;查看基本配置；', '2018-07-06 15:44:51'),
(213, 0, '7e3160ef-2b7d-4909-b1f6-c72ac0d0b648', 'admin', '******', '2018-07-06 15:48:50', '127.0.0.1', 1, '查看SMTP配置；查看文章栏目列表页面；查看添加文章栏目页面；', '2018-07-06 15:49:12'),
(214, 0, '9b81acf9-e516-4573-a859-3a1c9a95252f', 'admin', '******', '2018-07-06 16:22:38', '127.0.0.1', 1, '查看文章栏目列表页面；查看添加文章栏目页面；查看文章列表;查看用户列表;查看管理组列表;查看管理员列表查看后台事件列表（keyword:;page:0;limit:20）;后台管理日志留言列表(page:1);查看留言列表(page:1);查看广告分类列表页面；查看广告列表;查看友情链接分类列表页面；查看友情链接列表;查看基本配置；查看附件配置；查看Robots.txt;查看在线支付订单列表;查看订单列表;', '2018-07-06 16:24:02'),
(215, 0, 'df783e02-f995-49aa-94e9-04de9ba5e7b1', 'admin', '******', '2018-07-06 16:45:59', '127.0.0.1', 1, NULL, '2018-07-06 16:45:59'),
(216, 0, '3ea20b01-f7c2-4955-986b-e459d3e30470', 'admin', '******', '2018-07-06 16:46:29', '127.0.0.1', 1, '查看基本配置；查看SMTP配置；查看附件配置；查看Robots.txt;查看文章栏目列表页面；查看文章列表;查看商品栏目列表页面；查看商品列表;查看订单列表;查看在线支付订单列表;查看用户组列表;查看用户列表;查看管理组列表;查看管理员列表查看后台事件列表（keyword:;page:0;limit:20）;后台管理日志留言列表(page:1);查看留言分类列表页面；查看留言列表(page:1);查看广告分类列表页面；查看广告列表;查看友情链接分类列表页面；查看友情链接列表;查看基本配置；查看SMTP配置；查看后台事件列表（keyword:;page:0;limit:20）;查看管理组列表;查看添加管理页面;查看管理员列表查看添加管理员页面;查看添加后台事件页面;查看/编辑我的信息;后台管理日志留言列表(page:1);查看留言列表(page:1);查看留言分类列表页面；查看广告分类列表页面；查看广告列表;查看友情链接分类列表页面；查看附件配置；查看Robots.txt;', '2018-07-06 16:50:42'),
(217, 0, '40fd3f78-e887-4cd8-bf32-ccf0c7f357d4', 'admin', '******', '2018-07-07 12:13:23', '127.0.0.1', 1, '查看基本配置；查看用户组列表;', '2018-07-07 12:15:03'),
(218, 0, '22940c83-ff42-4ac0-9a6f-665a3929a1cc', 'admin', '******', '2018-07-09 00:01:08', '127.0.0.1', 1, NULL, '2018-07-09 00:01:08'),
(219, 0, 'cd7e2240-3c40-4f8b-9e4a-fdbe1c09212d', 'admin', '******', '2018-07-09 00:15:39', '127.0.0.1', 1, '查看基本配置；查看SMTP配置；查看附件配置；查看Robots.txt;查看文章栏目列表页面；查看文章列表;查看广告分类列表页面；查看管理组列表;查看添加管理页面;查看后台事件列表（keyword:;page:0;limit:20）;后台管理日志留言列表(page:1);', '2018-07-09 00:19:17'),
(220, 0, '20a6709e-0c41-46e2-8268-1226ce03e1e2', 'admin', '******', '2018-07-09 00:28:17', '127.0.0.1', 1, '查看文章列表;', '2018-07-09 00:28:39'),
(221, 0, 'f6423680-ecc2-4c02-8aca-a17aad5fb418', 'admin', '******', '2018-07-09 06:49:22', '127.0.0.1', 1, '查看基本配置；查看商品栏目列表页面；查看商品列表;查看管理组列表;查看管理组（1）详情;', '2018-07-09 06:50:07'),
(222, 0, 'c1cec74a-7e82-4543-baea-39dbc0e77f0e', 'admin', '******', '2018-07-09 08:59:02', '127.0.0.1', 1, '查看基本配置；查看Robots.txt;查看附件配置；查看SMTP配置；查看文章栏目列表页面；查看文章列表;查看/编辑文章栏目（id:2）页面；查看商品栏目列表页面；查看商品列表;查看订单列表;查看在线支付订单列表;查看用户组列表;查看管理组列表;查看管理员列表查看后台事件列表（keyword:;page:0;limit:20）;后台管理日志留言列表(page:1);查看管理日志详情(222);查看/编辑我的信息;查看添加管理员页面;查看添加管理员页面;查看留言分类列表页面；查看留言列表(page:1);查看广告分类列表页面；查看广告列表;查看友情链接分类列表页面；查看友情链接列表;查看基本配置；查看SMTP配置；查看Robots.txt;查看用户组列表;查看用户列表;查看在线支付订单列表;查看订单列表;查看文章栏目列表页面；查看文章列表;查看附件配置；查看留言分类列表页面；查看留言列表(page:1);查看商品栏目列表页面；查看商品列表;查看/编辑我的信息;', '2018-07-09 09:05:33'),
(223, 0, 'd36e9cee-d281-4b7e-b973-10cd1a2f5e1a', 'admin', '******', '2018-07-09 10:36:30', '127.0.0.1', 1, '查看基本配置；查看文章栏目列表页面；查看/编辑文章栏目（id:2）页面；查看商品栏目列表页面；查看/编辑商品栏目（id:1）页面；查看商品列表;查看添加商品页面;查看订单列表;查看订单列表;查看在线支付订单列表;查看用户组列表;查看用户列表;查看管理组列表;查看管理员列表查看/编辑管理员(admin);后台管理日志留言列表(page:1);查看管理日志详情(205);查看管理日志详情(199);查看留言分类列表页面；查看留言列表(page:1);查看广告分类列表页面；查看广告列表;查看添加广告页面;查看友情链接分类列表页面；查看友情链接列表;查看添加友情链接页面;查看/编辑我的信息;后台管理日志留言列表(page:1);查看管理日志详情(223);查看管理日志详情(221);查看管理日志详情(201);查看管理日志详情(199);', '2018-07-09 10:42:46'),
(224, 0, '8f3c68b5-798e-44c9-b3a1-8ed300724b1b', 'admin', '123456', '2018-07-09 15:41:29', '127.0.0.1', 0, '登录失败：密码错误。', '2018-07-09 15:41:29'),
(225, 0, '13045117-a3eb-4da7-9ab2-7fbea89ee30a', 'admin', '******', '2018-07-09 15:41:36', '127.0.0.1', 1, '查看基本配置；查看SMTP配置；查看附件配置；查看Robots.txt;查看文章栏目列表页面；查看文章列表;查看商品栏目列表页面；查看商品列表;查看添加商品页面;查看订单列表;查看在线支付订单列表;查看用户组列表;查看用户列表;查看管理组列表;查看管理员列表查看后台事件列表（keyword:;page:0;limit:20）;查看/编辑我的信息;后台管理日志留言列表(page:1);查看留言分类列表页面；查看留言列表(page:1);查看广告分类列表页面；查看广告列表;查看友情链接分类列表页面；查看友情链接列表;', '2018-07-09 15:46:16'),
(226, 0, '5a16710b-9a46-43bb-aefd-b6dda0417ba8', 'admin', '******', '2018-08-02 17:24:29', '127.0.0.1', 1, '后台管理日志留言列表(page:1);', '2018-08-02 17:24:44'),
(227, 0, '5c7ddec0-c3bd-49d8-a180-c8afe56c7ac8', 'admin', '******', '2018-08-10 10:10:35', '127.0.0.1', 1, '查看SMTP配置；', '2018-08-10 10:11:58'),
(228, 0, 'ea5128e4-114a-4d49-be43-15a6402bc24e', 'admin', '******', '2018-08-10 10:11:05', '127.0.0.1', 1, '查看基本配置；查看管理组列表;查看管理员列表查看后台事件列表（keyword:;page:0;limit:20）;后台管理日志留言列表(page:1);查看广告分类列表页面；查看广告列表;查看友情链接分类列表页面；查看友情链接列表;查看订单列表;查看在线支付订单列表;', '2018-08-10 10:53:26'),
(229, 0, 'e0c1eb46-bc82-4c62-b562-7ed90adb86c4', 'admin', '******', '2018-08-10 10:11:19', '127.0.0.1', 1, NULL, '2018-08-10 10:11:19'),
(230, 0, '0cfa6f4c-8820-43eb-ab2f-e29c1d55cc77', 'admin', '******', '2018-08-10 10:11:27', '127.0.0.1', 1, '查看基本配置；查看文章栏目列表页面；查看/编辑文章栏目（id:2）页面；', '2018-08-10 10:13:05'),
(231, 0, '35f3d8a3-3c1b-42f3-863a-e8558e8096ae', 'admin', '123456', '2018-08-10 10:14:53', '127.0.0.1', 0, '登录失败：密码错误。', '2018-08-10 10:14:53'),
(232, 0, '6191b58d-f92e-48e4-8b7b-2bcdde3b558c', 'admin', '******', '2018-08-10 10:15:08', '127.0.0.1', 1, '查看基本配置；查看附件配置；查看Robots.txt;查看订单列表;查看管理组列表;查看管理员列表后台管理日志留言列表(page:1);', '2018-08-10 10:15:56'),
(233, 0, 'd668271a-3004-4ce1-8004-31caf6470d10', 'admin', '******', '2018-08-10 10:21:57', '127.0.0.1', 1, '查看管理组列表;查看管理组（1）详情;查看订单列表;查看商品栏目列表页面；查看文章栏目列表页面；查看文章列表;查看添加文章栏目页面；查看广告分类列表页面；查看广告列表;查看友情链接分类列表页面；查看友情链接列表;查看留言分类列表页面；查看留言列表(page:1);查看管理员列表查看后台事件列表（keyword:;page:0;limit:20）;查看/编辑我的信息;', '2018-08-10 10:27:44'),
(234, 0, '24c3a9c5-7e7a-42bb-83d1-c10a6cd40c81', 'admin', '******', '2020-03-19 16:43:19', '127.0.0.1', 1, NULL, '2020-03-19 16:43:19'),
(235, 0, '0cb9989f-a6ef-414a-8ce3-266622852df3', 'Admin', 'Admin', '2020-03-19 18:52:25', '127.0.0.1', 0, '登录失败：密码错误。', '2020-03-19 18:52:25');
INSERT INTO `AdminLog` (`Id`, `UId`, `GUID`, `UserName`, `PassWord`, `LoginTime`, `LoginIP`, `IsLoginOK`, `Actions`, `LastUpdateTime`) VALUES
(236, 0, '642c8250-9621-4c08-8ae4-4553e46151cb', 'Admin', 'Admin', '2020-03-19 18:52:32', '127.0.0.1', 0, '登录失败：密码错误。', '2020-03-19 18:52:32'),
(237, 0, '37693f68-c183-4fcd-9014-8eba70c2f78b', 'admin', '******', '2020-03-20 12:08:41', '127.0.0.1', 1, NULL, '2020-03-20 12:08:41');

-- --------------------------------------------------------

--
-- 表的结构 `AdminMenu`
--

CREATE TABLE `AdminMenu` (
  `Id` int(11) NOT NULL COMMENT '编号',
  `MenuKey` varchar(50) DEFAULT NULL COMMENT '标识key',
  `MenuName` varchar(50) DEFAULT NULL COMMENT '页面名称',
  `PermissionKey` varchar(50) DEFAULT NULL COMMENT '页面名称',
  `Description` varchar(250) DEFAULT NULL COMMENT '介绍',
  `Link` varchar(250) DEFAULT NULL COMMENT '页面连接地址',
  `PId` int(11) NOT NULL COMMENT '上级ID',
  `Level` int(11) NOT NULL COMMENT '级别',
  `Location` varchar(100) DEFAULT NULL COMMENT '路径',
  `IsHide` int(11) NOT NULL COMMENT '是否隐藏',
  `Rank` int(11) NOT NULL COMMENT '排序',
  `Icon` varchar(100) DEFAULT NULL COMMENT '图标',
  `ClassName` varchar(50) DEFAULT NULL COMMENT '样式名称'
) ENGINE=InnoDB DEFAULT CHARSET=utf8mb4 COMMENT='后台菜单' ROW_FORMAT=DYNAMIC;

--
-- 转存表中的数据 `AdminMenu`
--

INSERT INTO `AdminMenu` (`Id`, `MenuKey`, `MenuName`, `PermissionKey`, `Description`, `Link`, `PId`, `Level`, `Location`, `IsHide`, `Rank`, `Icon`, `ClassName`) VALUES
(1, 'home', '主页', NULL, NULL, 'Index/Main', 0, 0, '0,', 0, 0, NULL, 'fa-home'),
(2, 'system', '系统设置', NULL, NULL, '#', 0, 0, '0,', 0, 1, NULL, 'fa-gears'),
(3, 'baseconfig', '基本配置', NULL, NULL, 'System/BaseConfig', 2, 1, '0,2,', 0, 0, NULL, NULL),
(4, 'smptconfig', 'SMTP设置', NULL, NULL, 'System/SmtpConfig', 2, 1, '0,2,', 0, 0, NULL, NULL),
(5, 'attachconfig', '附件设置', NULL, NULL, 'System/AttachConfig', 2, 1, '0,2,', 0, 0, NULL, NULL),
(6, 'articlesys', '文章系统', NULL, NULL, '#', 0, 0, '0,', 0, 2, NULL, 'fa-book'),
(7, 'articlecategory', '文章栏目管理', NULL, NULL, 'Article/ArticleCategoryList', 6, 1, '0,6,', 0, 0, NULL, NULL),
(8, 'article', '文章管理', NULL, NULL, 'Article/ArticleList', 6, 1, '0,6,', 0, 0, NULL, NULL),
(9, 'productsys', '商品系统', NULL, NULL, '#', 0, 0, '0,', 0, 3, NULL, 'fa-balance-scale'),
(10, 'productcategory', '商品分类管理', NULL, NULL, 'Product/CategoryList', 9, 1, '0,9,', 0, 0, NULL, NULL),
(11, 'product', '商品管理', NULL, NULL, 'Product/ProductList', 9, 1, '0,9,', 0, 1, NULL, NULL),
(12, 'ordersys', '订单系统', NULL, NULL, '#', 0, 0, '0,', 0, 4, NULL, 'fa-shopping-bag'),
(13, 'order', '商品订单管理', NULL, NULL, 'Order/OrderList', 12, 1, '0,12,', 0, 0, NULL, NULL),
(14, 'payonline', '支付记录', NULL, NULL, 'Order/PayOnlineList', 12, 1, '0,12,', 0, 1, NULL, NULL),
(15, 'user', '用户系统', NULL, NULL, '#', 0, 0, '0,', 0, 5, NULL, 'fa-user'),
(16, 'memberrole', '用户组管理', NULL, NULL, 'Member/MemberRole', 15, 1, '0,15,', 0, 0, NULL, NULL),
(17, 'members', '用户管理', NULL, NULL, 'Member/Members', 15, 1, '0,15,', 0, 1, NULL, NULL),
(18, 'permissionsys', '后台权限', NULL, NULL, '#', 0, 0, '0,', 0, 6, NULL, 'fa-users'),
(19, 'adminrole', '管理组管理', NULL, NULL, 'Member/AdminRole', 18, 1, '0,18,', 0, 0, NULL, NULL),
(20, 'admins', '管理员管理', NULL, NULL, 'Member/Admins', 18, 1, '0,18,', 0, 1, NULL, NULL),
(21, 'eventkey', '事件权限管理', NULL, NULL, 'Permission/EventKey', 18, 1, '0,18,', 0, 3, NULL, NULL),
(22, 'adminmenu', '后台栏目管理', NULL, NULL, 'Permission/AdminMenuList', 18, 1, '0,18,', 0, 4, NULL, NULL),
(23, 'editme', ' 修改密码', NULL, NULL, 'Member/EditMe', 18, 1, '0,18,', 0, 5, NULL, NULL),
(24, 'guestbooksys', '留言系统', NULL, NULL, '#', 0, 0, '0,', 0, 7, NULL, 'fa-rss-square'),
(25, 'guestbookkinds', '留言分类管理', NULL, NULL, 'Guestbook/GuestbookCategorys', 24, 1, '0,24,', 0, 0, NULL, NULL),
(26, 'guestbook', '留言管理', NULL, NULL, 'Guestbook/GuestbookList', 24, 1, '0,24,', 0, 0, NULL, NULL),
(27, 'other', '其他', NULL, NULL, '#', 0, 0, '0,', 0, 99, NULL, 'fa-square-o'),
(28, 'adskinds', '广告分类管理', NULL, NULL, 'Other/AdsCategoryList', 27, 1, '0,27,', 0, 0, NULL, NULL),
(29, 'ads', '广告管理', NULL, NULL, 'Other/AdsList', 27, 1, '0,27,', 0, 1, NULL, NULL),
(30, 'linkkinds', '友情连接分类管理', NULL, NULL, 'Other/LinkCategoryList', 27, 1, '0,27,', 0, 2, NULL, NULL),
(31, 'link', '友情连接管理', NULL, NULL, 'Other/LinkList', 27, 1, '0,27,', 0, 3, NULL, NULL),
(32, 'weixinsys', '微信公众号管理', NULL, NULL, '#', 0, 0, '0,', 0, 8, NULL, 'fa-file-word-o'),
(33, 'wxautoreply', '关注自动回复', NULL, NULL, 'Weixin/SubscribeReply', 32, 1, '0,32,', 0, 0, NULL, NULL),
(34, 'wxmenu', '自定义菜单管理', NULL, NULL, 'Weixin/Menu', 32, 1, '0,32,', 0, 0, NULL, NULL),
(35, 'wxkeywordreply', '关键字回复', NULL, NULL, 'Weixin/ReplyRule', 32, 1, '0,32,', 0, 0, NULL, NULL),
(36, 'clickreplyrule', '点击事件自动回复', NULL, NULL, 'Weixin/ClickReplyRule', 32, 1, '0,32,', 0, 0, NULL, NULL),
(37, 'robots', 'Robots文档设置', NULL, NULL, 'System/Robots', 2, 1, '0,2,', 0, 3, NULL, NULL),
(38, 'admincplog', '后台管理日志', NULL, NULL, 'Member/AdminCPLogList', 18, 1, '0,18,', 0, 10, NULL, NULL);

-- --------------------------------------------------------

--
-- 表的结构 `AdminMenuEvent`
--

CREATE TABLE `AdminMenuEvent` (
  `Id` int(11) NOT NULL COMMENT '编号',
  `MenuId` int(11) NOT NULL COMMENT '菜单ID',
  `MenuKey` varchar(100) DEFAULT NULL COMMENT '菜单key',
  `EventId` int(11) NOT NULL COMMENT '事件ID',
  `EventKey` varchar(100) DEFAULT NULL COMMENT '事件key',
  `EventName` varchar(100) DEFAULT NULL COMMENT '事件名称'
) ENGINE=InnoDB DEFAULT CHARSET=utf8mb4 COMMENT='后台菜单对应的事件权限' ROW_FORMAT=DYNAMIC;

--
-- 转存表中的数据 `AdminMenuEvent`
--

INSERT INTO `AdminMenuEvent` (`Id`, `MenuId`, `MenuKey`, `EventId`, `EventKey`, `EventName`) VALUES
(1, 1, 'home', 4, 'view', '查看'),
(2, 3, 'baseconfig', 2, 'edit', '修改'),
(3, 3, 'baseconfig', 4, 'view', '查看'),
(4, 4, 'smptconfig', 2, 'edit', '修改'),
(5, 4, 'smptconfig', 4, 'view', '查看'),
(6, 5, 'attachconfig', 2, 'edit', '修改'),
(7, 5, 'attachconfig', 4, 'view', '查看'),
(8, 7, 'articlecategory', 1, 'add', '添加'),
(9, 7, 'articlecategory', 2, 'edit', '修改'),
(10, 7, 'articlecategory', 3, 'del', '删除'),
(11, 7, 'articlecategory', 4, 'view', '查看'),
(12, 7, 'articlecategory', 5, 'viewlist', '查看列表'),
(13, 7, 'articlecategory', 10, 'recycle', '回收站'),
(14, 8, 'article', 1, 'add', '添加'),
(15, 8, 'article', 2, 'edit', '修改'),
(16, 8, 'article', 3, 'del', '删除'),
(17, 8, 'article', 4, 'view', '查看'),
(18, 8, 'article', 5, 'viewlist', '查看列表'),
(19, 8, 'article', 6, 'import', '导入'),
(20, 8, 'article', 7, 'export', '导出'),
(21, 8, 'article', 8, 'filter', '搜索'),
(22, 8, 'article', 9, 'batch', '批量操作'),
(23, 8, 'article', 10, 'recycle', '回收站'),
(24, 8, 'article', 11, 'confirm', '确认'),
(25, 10, 'productcategory', 1, 'add', '添加'),
(26, 10, 'productcategory', 2, 'edit', '修改'),
(27, 10, 'productcategory', 3, 'del', '删除'),
(28, 10, 'productcategory', 4, 'view', '查看'),
(29, 10, 'productcategory', 5, 'viewlist', '查看列表'),
(30, 10, 'productcategory', 10, 'recycle', '回收站'),
(31, 11, 'product', 1, 'add', '添加'),
(32, 11, 'product', 2, 'edit', '修改'),
(33, 11, 'product', 3, 'del', '删除'),
(34, 11, 'product', 4, 'view', '查看'),
(35, 11, 'product', 5, 'viewlist', '查看列表'),
(36, 11, 'product', 6, 'import', '导入'),
(37, 11, 'product', 7, 'export', '导出'),
(38, 11, 'product', 8, 'filter', '搜索'),
(39, 11, 'product', 9, 'batch', '批量操作'),
(40, 11, 'product', 10, 'recycle', '回收站'),
(41, 11, 'product', 11, 'confirm', '确认'),
(42, 13, 'order', 1, 'add', '添加'),
(43, 13, 'order', 2, 'edit', '修改'),
(44, 13, 'order', 3, 'del', '删除'),
(45, 13, 'order', 4, 'view', '查看'),
(46, 13, 'order', 5, 'viewlist', '查看列表'),
(47, 13, 'order', 6, 'import', '导入'),
(48, 13, 'order', 7, 'export', '导出'),
(49, 13, 'order', 8, 'filter', '搜索'),
(50, 13, 'order', 9, 'batch', '批量操作'),
(51, 13, 'order', 10, 'recycle', '回收站'),
(52, 13, 'order', 11, 'confirm', '确认'),
(53, 14, 'payonline', 2, 'edit', '修改'),
(54, 14, 'payonline', 3, 'del', '删除'),
(55, 14, 'payonline', 4, 'view', '查看'),
(56, 14, 'payonline', 5, 'viewlist', '查看列表'),
(57, 14, 'payonline', 6, 'import', '导入'),
(58, 14, 'payonline', 7, 'export', '导出'),
(59, 14, 'payonline', 8, 'filter', '搜索'),
(60, 14, 'payonline', 9, 'batch', '批量操作'),
(61, 14, 'payonline', 10, 'recycle', '回收站'),
(62, 14, 'payonline', 11, 'confirm', '确认'),
(63, 16, 'memberrole', 1, 'add', '添加'),
(64, 16, 'memberrole', 2, 'edit', '修改'),
(65, 16, 'memberrole', 3, 'del', '删除'),
(66, 16, 'memberrole', 4, 'view', '查看'),
(67, 16, 'memberrole', 5, 'viewlist', '查看列表'),
(68, 16, 'memberrole', 11, 'confirm', '确认'),
(69, 17, 'members', 1, 'add', '添加'),
(70, 17, 'members', 2, 'edit', '修改'),
(71, 17, 'members', 3, 'del', '删除'),
(72, 17, 'members', 4, 'view', '查看'),
(73, 17, 'members', 5, 'viewlist', '查看列表'),
(74, 17, 'members', 6, 'import', '导入'),
(75, 17, 'members', 7, 'export', '导出'),
(76, 17, 'members', 8, 'filter', '搜索'),
(77, 17, 'members', 9, 'batch', '批量操作'),
(78, 17, 'members', 10, 'recycle', '回收站'),
(79, 17, 'members', 11, 'confirm', '确认'),
(80, 19, 'adminrole', 1, 'add', '添加'),
(81, 19, 'adminrole', 2, 'edit', '修改'),
(82, 19, 'adminrole', 3, 'del', '删除'),
(83, 19, 'adminrole', 4, 'view', '查看'),
(84, 19, 'adminrole', 5, 'viewlist', '查看列表'),
(85, 19, 'adminrole', 8, 'filter', '搜索'),
(86, 19, 'adminrole', 11, 'confirm', '确认'),
(87, 20, 'admins', 1, 'add', '添加'),
(88, 20, 'admins', 2, 'edit', '修改'),
(89, 20, 'admins', 3, 'del', '删除'),
(90, 20, 'admins', 4, 'view', '查看'),
(91, 20, 'admins', 5, 'viewlist', '查看列表'),
(92, 20, 'admins', 6, 'import', '导入'),
(93, 20, 'admins', 7, 'export', '导出'),
(94, 20, 'admins', 8, 'filter', '搜索'),
(95, 20, 'admins', 9, 'batch', '批量操作'),
(96, 20, 'admins', 10, 'recycle', '回收站'),
(97, 20, 'admins', 11, 'confirm', '确认'),
(98, 21, 'eventkey', 1, 'add', '添加'),
(99, 21, 'eventkey', 2, 'edit', '修改'),
(100, 21, 'eventkey', 4, 'view', '查看'),
(101, 21, 'eventkey', 5, 'viewlist', '查看列表'),
(102, 21, 'eventkey', 8, 'filter', '搜索'),
(103, 21, 'eventkey', 10, 'recycle', '回收站'),
(104, 21, 'eventkey', 11, 'confirm', '确认'),
(105, 22, 'adminmenu', 1, 'add', '添加'),
(106, 22, 'adminmenu', 2, 'edit', '修改'),
(107, 22, 'adminmenu', 3, 'del', '删除'),
(108, 22, 'adminmenu', 4, 'view', '查看'),
(109, 22, 'adminmenu', 5, 'viewlist', '查看列表'),
(110, 22, 'adminmenu', 6, 'import', '导入'),
(111, 22, 'adminmenu', 7, 'export', '导出'),
(112, 22, 'adminmenu', 8, 'filter', '搜索'),
(113, 22, 'adminmenu', 9, 'batch', '批量操作'),
(114, 22, 'adminmenu', 10, 'recycle', '回收站'),
(115, 22, 'adminmenu', 11, 'confirm', '确认'),
(116, 23, 'editme', 2, 'edit', '修改'),
(117, 23, 'editme', 4, 'view', '查看'),
(118, 25, 'guestbookkinds', 1, 'add', '添加'),
(119, 25, 'guestbookkinds', 2, 'edit', '修改'),
(120, 25, 'guestbookkinds', 3, 'del', '删除'),
(121, 25, 'guestbookkinds', 4, 'view', '查看'),
(122, 25, 'guestbookkinds', 5, 'viewlist', '查看列表'),
(123, 25, 'guestbookkinds', 8, 'filter', '搜索'),
(124, 25, 'guestbookkinds', 10, 'recycle', '回收站'),
(125, 25, 'guestbookkinds', 11, 'confirm', '确认'),
(126, 26, 'guestbook', 2, 'edit', '修改'),
(127, 26, 'guestbook', 3, 'del', '删除'),
(128, 26, 'guestbook', 4, 'view', '查看'),
(129, 26, 'guestbook', 5, 'viewlist', '查看列表'),
(130, 26, 'guestbook', 6, 'import', '导入'),
(131, 26, 'guestbook', 7, 'export', '导出'),
(132, 26, 'guestbook', 8, 'filter', '搜索'),
(133, 26, 'guestbook', 9, 'batch', '批量操作'),
(134, 26, 'guestbook', 10, 'recycle', '回收站'),
(135, 26, 'guestbook', 11, 'confirm', '确认'),
(136, 28, 'adskinds', 1, 'add', '添加'),
(137, 28, 'adskinds', 2, 'edit', '修改'),
(138, 28, 'adskinds', 3, 'del', '删除'),
(139, 28, 'adskinds', 4, 'view', '查看'),
(140, 28, 'adskinds', 5, 'viewlist', '查看列表'),
(141, 29, 'ads', 1, 'add', '添加'),
(142, 29, 'ads', 2, 'edit', '修改'),
(143, 29, 'ads', 3, 'del', '删除'),
(144, 29, 'ads', 4, 'view', '查看'),
(145, 29, 'ads', 5, 'viewlist', '查看列表'),
(146, 30, 'linkkinds', 1, 'add', '添加'),
(147, 30, 'linkkinds', 2, 'edit', '修改'),
(148, 30, 'linkkinds', 3, 'del', '删除'),
(149, 30, 'linkkinds', 4, 'view', '查看'),
(150, 30, 'linkkinds', 5, 'viewlist', '查看列表'),
(151, 31, 'link', 1, 'add', '添加'),
(152, 31, 'link', 2, 'edit', '修改'),
(153, 31, 'link', 3, 'del', '删除'),
(154, 31, 'link', 4, 'view', '查看'),
(155, 31, 'link', 5, 'viewlist', '查看列表'),
(156, 31, 'link', 6, 'import', '导入'),
(157, 31, 'link', 7, 'export', '导出'),
(158, 31, 'link', 8, 'filter', '搜索'),
(159, 31, 'link', 9, 'batch', '批量操作'),
(160, 31, 'link', 10, 'recycle', '回收站'),
(161, 31, 'link', 11, 'confirm', '确认'),
(162, 33, 'wxautoreply', 2, 'edit', '修改'),
(163, 33, 'wxautoreply', 4, 'view', '查看'),
(164, 34, 'wxmenu', 2, 'edit', '修改'),
(165, 34, 'wxmenu', 4, 'view', '查看'),
(166, 35, 'wxkeywordreply', 1, 'add', '添加'),
(167, 35, 'wxkeywordreply', 2, 'edit', '修改'),
(168, 35, 'wxkeywordreply', 3, 'del', '删除'),
(169, 35, 'wxkeywordreply', 4, 'view', '查看'),
(170, 35, 'wxkeywordreply', 5, 'viewlist', '查看列表'),
(171, 35, 'wxkeywordreply', 6, 'import', '导入'),
(172, 35, 'wxkeywordreply', 7, 'export', '导出'),
(173, 35, 'wxkeywordreply', 8, 'filter', '搜索'),
(174, 35, 'wxkeywordreply', 9, 'batch', '批量操作'),
(175, 35, 'wxkeywordreply', 10, 'recycle', '回收站'),
(176, 35, 'wxkeywordreply', 11, 'confirm', '确认'),
(177, 36, 'clickreplyrule', 1, 'add', '添加'),
(178, 36, 'clickreplyrule', 2, 'edit', '修改'),
(179, 36, 'clickreplyrule', 3, 'del', '删除'),
(180, 36, 'clickreplyrule', 4, 'view', '查看'),
(181, 36, 'clickreplyrule', 5, 'viewlist', '查看列表'),
(182, 36, 'clickreplyrule', 6, 'import', '导入'),
(183, 36, 'clickreplyrule', 7, 'export', '导出'),
(184, 36, 'clickreplyrule', 8, 'filter', '搜索'),
(185, 36, 'clickreplyrule', 9, 'batch', '批量操作'),
(186, 36, 'clickreplyrule', 10, 'recycle', '回收站'),
(187, 36, 'clickreplyrule', 11, 'confirm', '确认'),
(188, 37, 'robots', 2, 'edit', '修改'),
(189, 37, 'robots', 4, 'view', '查看'),
(190, 38, 'admincplog', 4, 'view', '查看'),
(191, 38, 'admincplog', 5, 'viewlist', '查看列表'),
(192, 3, 'baseconfig', 5, 'viewlist', '查看列表'),
(193, 3, 'baseconfig', 6, 'import', '导入');

-- --------------------------------------------------------

--
-- 表的结构 `AdminRoles`
--

CREATE TABLE `AdminRoles` (
  `Id` int(11) NOT NULL COMMENT '编号',
  `RoleType` int(11) NOT NULL COMMENT '角色类型',
  `RoleName` varchar(50) DEFAULT NULL COMMENT '角色名称',
  `RoleDescription` varchar(250) DEFAULT NULL COMMENT '角色简单介绍',
  `IsSuperAdmin` int(11) NOT NULL COMMENT '是否是超级管理员',
  `Stars` int(11) NOT NULL COMMENT '星级',
  `NotAllowDel` int(11) NOT NULL COMMENT '是否不允许删除',
  `Rank` int(11) NOT NULL COMMENT '排序',
  `Color` varchar(20) DEFAULT NULL COMMENT '颜色',
  `Menus` text COMMENT '管理菜单',
  `Powers` text COMMENT '权限'
) ENGINE=InnoDB DEFAULT CHARSET=utf8mb4 COMMENT='管理角色' ROW_FORMAT=DYNAMIC;

--
-- 转存表中的数据 `AdminRoles`
--

INSERT INTO `AdminRoles` (`Id`, `RoleType`, `RoleName`, `RoleDescription`, `IsSuperAdmin`, `Stars`, `NotAllowDel`, `Rank`, `Color`, `Menus`, `Powers`) VALUES
(1, 0, '超级管理员', '系统超级管理员', 1, 5, 1, 0, '', '', '');

-- --------------------------------------------------------

--
-- 表的结构 `Ads`
--

CREATE TABLE `Ads` (
  `Id` int(11) NOT NULL COMMENT '编号',
  `Title` varchar(100) CHARACTER SET utf8 DEFAULT NULL COMMENT '广告标题',
  `Content` text COMMENT '广告详情JSON',
  `KId` int(11) NOT NULL COMMENT '分类ID',
  `TId` int(11) NOT NULL COMMENT '广告代码类型：0代码、1文字广告、2图片广告、3Flash广告、4幻灯片广告、5漂浮广告、6对联浮动图片广告',
  `StartTime` datetime DEFAULT NULL COMMENT '起始时间',
  `EndTime` datetime DEFAULT NULL COMMENT '结束时间',
  `IsDisabled` enum('N','Y') NOT NULL COMMENT '是否禁用广告',
  `Sequence` int(11) NOT NULL COMMENT '排序，默认999'
) ENGINE=InnoDB DEFAULT CHARSET=utf8mb4 COMMENT='广告详情' ROW_FORMAT=DYNAMIC;

--
-- 转存表中的数据 `Ads`
--

INSERT INTO `Ads` (`Id`, `Title`, `Content`, `KId`, `TId`, `StartTime`, `EndTime`, `IsDisabled`, `Sequence`) VALUES
(1, '首页banner广告', '[{\"img\":\"/images/default/slide-1.jpg\",\"link\":\"/\",\"width\":1920,\"height\":686,\"alt\":\"\"},{\"img\":\"/images/default/slide-2.jpg\",\"link\":\"/\",\"width\":1920,\"height\":686,\"alt\":\"\"},{\"img\":\"/images/default/slide-3.jpg\",\"link\":\"/\",\"width\":1920,\"height\":686,\"alt\":\"\"},{\"img\":\"/images/default/slide-4.jpg\",\"link\":\"/\",\"width\":1920,\"height\":686,\"alt\":\"\"},{\"img\":\"/images/default/slide-5.jpg\",\"link\":\"/\",\"width\":1920,\"height\":686,\"alt\":\"\"}]', 1, 4, '2000-01-01 00:00:00', '2999-01-01 00:00:00', 'N', 999),
(2, '移动端首页Banner', '[{\"img\":\"/images/default/slide-1.jpg\",\"link\":\"/\",\"width\":375,\"height\":185,\"alt\":\"\"},{\"img\":\"/images/default/slide-2.jpg\",\"link\":\"/\",\"width\":375,\"height\":185,\"alt\":\"\"},{\"img\":\"/images/default/slide-3.jpg\",\"link\":\"/\",\"width\":375,\"height\":185,\"alt\":\"\"},{\"img\":\"/images/default/slide-4.jpg\",\"link\":\"/\",\"width\":375,\"height\":185,\"alt\":\"\"},{\"img\":\"/images/default/slide-5.jpg\",\"link\":\"/\",\"width\":375,\"height\":185,\"alt\":\"\"}]', 1, 4, '2000-01-01 00:00:00', '2999-01-01 00:00:00', 'N', 999);

-- --------------------------------------------------------

--
-- 表的结构 `AdsKind`
--

CREATE TABLE `AdsKind` (
  `Id` int(11) NOT NULL COMMENT '编号',
  `KindName` varchar(50) CHARACTER SET utf8 DEFAULT NULL COMMENT '广告类别名称',
  `KindInfo` varchar(250) CHARACTER SET utf8 DEFAULT NULL COMMENT '简单说明',
  `Rank` int(11) NOT NULL COMMENT '排序'
) ENGINE=InnoDB DEFAULT CHARSET=utf8mb4 COMMENT='广告类别' ROW_FORMAT=DYNAMIC;

--
-- 转存表中的数据 `AdsKind`
--

INSERT INTO `AdsKind` (`Id`, `KindName`, `KindInfo`, `Rank`) VALUES
(1, '默认广告', NULL, 0);

-- --------------------------------------------------------

--
-- 表的结构 `Article`
--

CREATE TABLE `Article` (
  `Id` int(11) NOT NULL COMMENT '编号',
  `KId` int(11) NOT NULL COMMENT '栏目ID',
  `Title` varchar(250) CHARACTER SET utf8 DEFAULT NULL COMMENT '标题',
  `SubTitle` varchar(250) CHARACTER SET utf8 DEFAULT NULL COMMENT '副标题',
  `Content` text COMMENT '内容',
  `Keyword` varchar(250) CHARACTER SET utf8 DEFAULT NULL COMMENT '描述',
  `Description` varchar(250) CHARACTER SET utf8 DEFAULT NULL COMMENT '介绍',
  `LinkURL` varchar(250) CHARACTER SET utf8 DEFAULT NULL COMMENT '跳转链接',
  `TitleColor` varchar(50) CHARACTER SET utf8 DEFAULT NULL COMMENT '类别名称颜色',
  `TemplateFile` varchar(250) CHARACTER SET utf8 DEFAULT NULL COMMENT '模板',
  `IsRecommend` int(11) NOT NULL COMMENT '是否推荐',
  `IsNew` int(11) NOT NULL COMMENT '是否最新',
  `IsBest` int(11) NOT NULL COMMENT '是否推荐',
  `IsHide` int(11) NOT NULL COMMENT '是否隐藏',
  `IsLock` int(11) NOT NULL COMMENT '是否锁定，不允许删除',
  `IsDel` int(11) NOT NULL COMMENT '是否删除,已经删除到回收站',
  `IsTop` int(11) NOT NULL COMMENT '是否置顶',
  `IsComment` int(11) NOT NULL COMMENT '是否允许评论',
  `IsMember` int(11) NOT NULL COMMENT '是否会员栏目',
  `Hits` int(11) NOT NULL COMMENT '点击数量',
  `Sequence` int(11) NOT NULL COMMENT '排序',
  `CommentCount` int(11) NOT NULL COMMENT '评论数量',
  `Icon` varchar(100) CHARACTER SET utf8 DEFAULT NULL COMMENT '图标',
  `ClassName` varchar(50) CHARACTER SET utf8 DEFAULT NULL COMMENT '样式名称',
  `BannerImg` varchar(250) CHARACTER SET utf8 DEFAULT NULL COMMENT 'banner图片',
  `Pic` varchar(250) CHARACTER SET utf8 DEFAULT NULL COMMENT '图片',
  `AdsId` int(11) NOT NULL COMMENT '广告ID',
  `Tags` varchar(250) CHARACTER SET utf8 DEFAULT NULL COMMENT 'TAG',
  `Origin` varchar(250) CHARACTER SET utf8 DEFAULT NULL COMMENT '来源',
  `OriginURL` varchar(250) CHARACTER SET utf8 DEFAULT NULL COMMENT '来源地址',
  `ItemImg` text COMMENT '更多图片',
  `AuthorId` int(11) NOT NULL COMMENT '添加管理员ID',
  `AddTime` datetime DEFAULT NULL COMMENT '添加时间',
  `UpdateTime` datetime DEFAULT NULL COMMENT '时间',
  `Location` varchar(100) CHARACTER SET utf8 DEFAULT NULL COMMENT '路径',
  `FilePath` varchar(100) CHARACTER SET utf8 DEFAULT NULL COMMENT '存放目录'
) ENGINE=InnoDB DEFAULT CHARSET=utf8mb4 COMMENT='文章' ROW_FORMAT=DYNAMIC;

--
-- 转存表中的数据 `Article`
--

INSERT INTO `Article` (`Id`, `KId`, `Title`, `SubTitle`, `Content`, `Keyword`, `Description`, `LinkURL`, `TitleColor`, `TemplateFile`, `IsRecommend`, `IsNew`, `IsBest`, `IsHide`, `IsLock`, `IsDel`, `IsTop`, `IsComment`, `IsMember`, `Hits`, `Sequence`, `CommentCount`, `Icon`, `ClassName`, `BannerImg`, `Pic`, `AdsId`, `Tags`, `Origin`, `OriginURL`, `ItemImg`, `AuthorId`, `AddTime`, `UpdateTime`, `Location`, `FilePath`) VALUES
(1, 1, '关于我们', 'About Us', '<p>内容管理系统（英语：content management system，缩写为 CMS）是指在一个合作模式下，用于管理工作流程的一套制度。该系统可应用于手工操作中，也可以应用到计算机或网络里。作为一种中央储存器（central repository），内容管理系统可将相关内容集中储存并具有群组管理、版本控制等功能。版本控制是内容管理系统的一个主要优势。</p>\n\n<p>内容是任何类型的数字信息的结合体，可以是文本、图形图像、Web页面、业务文档、数据库表单、视频、声音、XML文件等。应该说，内容是一个比数据、文档和信息更广的概念，是对各种结构化数据、非结构化文档、信息的聚合。管理就是施加在&ldquo;内容&rdquo;对象上的一系列处理过程，包括收集、存储、审批、整理、定位、转换、分发、搜索、分析等，目的是为了使&ldquo;内容&rdquo;能够在正确的时间、以正确的形式传递到正确的地点和人。</p>\n\n<p>内容管理可以定义为：协助组织和个人，借助信息技术，实现内容的创建、储存、分享、应用、检索，并在企业个人、组织、业务、战略等诸方面产生价值的过程。而内容管理系统就是能够支撑内容管理的一种工具或一套工具的软件系统。</p>\n\n<p>内容管理系统的定义可以很狭窄，通常是指门户或商业网站的发布和管理系统；定义也可以很宽泛，个人网站系统也可归入其中。Wiki也是一种内容管理系统，Blog也算是一种内容管理系统。</p>\n', NULL, NULL, NULL, NULL, NULL, 0, 0, 0, 0, 0, 0, 0, 0, 0, 53, 999, 0, NULL, NULL, NULL, '/images/default/slide-3.jpg', 0, NULL, NULL, NULL, '/userfiles/images/2018/20180413145904(1).png|||', 1, '2018-04-18 20:35:54', '2018-12-02 17:14:13', NULL, NULL),
(2, 10, '联系我们', NULL, '<p>联系我们</p>\n', NULL, NULL, NULL, NULL, NULL, 0, 0, 0, 0, 0, 0, 0, 0, 0, 26, 999, 0, NULL, NULL, NULL, NULL, 0, NULL, NULL, NULL, '', 1, '2018-11-15 23:58:24', '2018-12-01 22:44:45', NULL, NULL),
(3, 1, '企业文化', NULL, '<p>企业文化</p>\n', NULL, NULL, NULL, NULL, NULL, 0, 0, 0, 0, 0, 0, 0, 0, 0, 15, 999, 0, NULL, NULL, NULL, NULL, 0, NULL, NULL, NULL, '', 1, '2018-11-19 00:08:19', NULL, NULL, NULL),
(4, 1, '发展历程', NULL, '<p>发展历程</p>\n', NULL, NULL, NULL, NULL, NULL, 0, 0, 0, 0, 0, 0, 0, 0, 0, 14, 999, 0, NULL, NULL, NULL, NULL, 0, NULL, NULL, NULL, '', 1, '2018-11-19 00:08:28', NULL, NULL, NULL),
(5, 1, '组织架构', NULL, '<p>组织架构</p>\n', NULL, NULL, NULL, NULL, NULL, 0, 0, 0, 0, 0, 0, 0, 0, 0, 13, 999, 0, NULL, NULL, NULL, NULL, 0, NULL, NULL, NULL, '', 1, '2018-11-19 00:08:38', NULL, NULL, NULL),
(6, 1, '荣誉证书', NULL, '<p>荣誉证书</p>\n', NULL, NULL, NULL, NULL, NULL, 0, 0, 0, 0, 0, 0, 0, 0, 0, 8, 999, 0, NULL, NULL, NULL, NULL, 0, NULL, NULL, NULL, '', 1, '2018-11-19 00:08:49', NULL, NULL, NULL),
(7, 6, 'COMCMS v0.9 正式发布，PC版前端演示', 'COMCMS v0.9 正式发布，PC版前端演示', '<p>COMCMS v0.9 正式发布，PC版前端演示</p>\n', NULL, NULL, NULL, NULL, NULL, 0, 0, 0, 0, 0, 0, 0, 0, 0, 4, 999, 0, NULL, NULL, NULL, '/images/default/slide-2.jpg', 0, NULL, NULL, NULL, '', 1, '2018-12-02 16:52:15', NULL, NULL, NULL),
(8, 7, '行业资讯行业资讯行业资讯行业资讯', NULL, '<p>行业资讯行业资讯行业资讯行业资讯</p>\n', NULL, NULL, NULL, NULL, NULL, 0, 0, 0, 0, 0, 0, 0, 0, 0, 0, 999, 0, NULL, NULL, NULL, '/images/default/slide-2.jpg', 0, NULL, NULL, NULL, '', 1, '2018-12-02 16:54:48', NULL, NULL, NULL),
(9, 6, 'COMCMS v0.9 正式发布，PC版前端演示2', NULL, '<p>COMCMS v0.9 正式发布，PC版前端演示2</p>\n', NULL, NULL, NULL, NULL, NULL, 0, 0, 0, 0, 0, 0, 0, 0, 0, 4, 999, 0, NULL, NULL, NULL, NULL, 0, NULL, NULL, NULL, '', 1, '2018-12-02 16:55:39', NULL, NULL, NULL),
(10, 6, 'COMCMS v0.9 正式发布，PC版前端演示3', NULL, '<p>COMCMS v0.9 正式发布，PC版前端演示3</p>\n', NULL, NULL, NULL, NULL, NULL, 0, 0, 0, 0, 0, 0, 0, 0, 0, 1, 999, 0, NULL, NULL, NULL, NULL, 0, NULL, NULL, NULL, '', 1, '2018-12-02 16:56:18', NULL, NULL, NULL),
(11, 6, 'COMCMS v0.9 正式发布，PC版前端演示4', NULL, '<p>COMCMS v0.9 正式发布，PC版前端演示4</p>\n', NULL, NULL, NULL, NULL, NULL, 0, 0, 0, 0, 0, 0, 0, 0, 0, 5, 999, 0, NULL, NULL, NULL, NULL, 0, NULL, NULL, NULL, '', 1, '2018-12-02 16:56:27', '2019-10-30 17:10:39', NULL, NULL);

-- --------------------------------------------------------

--
-- 表的结构 `ArticleCategory`
--

CREATE TABLE `ArticleCategory` (
  `Id` int(11) NOT NULL COMMENT '编号',
  `KindName` varchar(250) CHARACTER SET utf8 DEFAULT NULL COMMENT '栏目名称',
  `SubTitle` varchar(250) CHARACTER SET utf8 DEFAULT NULL COMMENT '栏目副标题',
  `KindTitle` varchar(250) CHARACTER SET utf8 DEFAULT NULL COMMENT '栏目标题，填写则在浏览器替换此标题',
  `Keyword` varchar(250) CHARACTER SET utf8 DEFAULT NULL COMMENT '描述',
  `Description` varchar(250) CHARACTER SET utf8 DEFAULT NULL COMMENT '介绍',
  `LinkURL` varchar(250) CHARACTER SET utf8 DEFAULT NULL COMMENT '跳转链接',
  `TitleColor` varchar(50) CHARACTER SET utf8 DEFAULT NULL COMMENT '类别名称颜色',
  `TemplateFile` varchar(250) CHARACTER SET utf8 DEFAULT NULL COMMENT '模板',
  `DetailTemplateFile` varchar(250) CHARACTER SET utf8 DEFAULT NULL COMMENT '详情模板',
  `KindDomain` varchar(250) CHARACTER SET utf8 DEFAULT NULL COMMENT '类别域名（保留）',
  `IsList` int(11) NOT NULL COMMENT '是否为列表页面',
  `PageSize` int(11) NOT NULL COMMENT '每页显示数量',
  `PId` int(11) NOT NULL COMMENT '上级ID',
  `Level` int(11) NOT NULL COMMENT '级别',
  `Location` varchar(100) CHARACTER SET utf8 DEFAULT NULL COMMENT '路径',
  `IsHide` int(11) NOT NULL COMMENT '是否隐藏',
  `IsLock` int(11) NOT NULL COMMENT '是否锁定，不允许删除',
  `IsDel` int(11) NOT NULL COMMENT '是否删除,已经删除到回收站',
  `IsComment` int(11) NOT NULL COMMENT '是否允许评论',
  `IsMember` int(11) NOT NULL COMMENT '是否会员栏目',
  `IsShowSubDetail` int(11) NOT NULL COMMENT '是否显示下级栏目内容',
  `CatalogId` int(11) NOT NULL COMMENT '模型ID',
  `Counts` int(11) NOT NULL COMMENT '详情数量，缓存',
  `Rank` int(11) NOT NULL COMMENT '排序',
  `Icon` varchar(100) CHARACTER SET utf8 DEFAULT NULL COMMENT '图标',
  `ClassName` varchar(50) CHARACTER SET utf8 DEFAULT NULL COMMENT '样式名称',
  `BannerImg` varchar(250) CHARACTER SET utf8 DEFAULT NULL COMMENT 'banner图片',
  `KindInfo` text COMMENT '栏目详细介绍',
  `Pic` varchar(250) CHARACTER SET utf8 DEFAULT NULL COMMENT '图片',
  `AdsId` int(11) NOT NULL COMMENT '广告ID',
  `FilePath` varchar(100) CHARACTER SET utf8 DEFAULT NULL COMMENT '目录路径'
) ENGINE=InnoDB DEFAULT CHARSET=utf8mb4 COMMENT='文章栏目' ROW_FORMAT=DYNAMIC;

--
-- 转存表中的数据 `ArticleCategory`
--

INSERT INTO `ArticleCategory` (`Id`, `KindName`, `SubTitle`, `KindTitle`, `Keyword`, `Description`, `LinkURL`, `TitleColor`, `TemplateFile`, `DetailTemplateFile`, `KindDomain`, `IsList`, `PageSize`, `PId`, `Level`, `Location`, `IsHide`, `IsLock`, `IsDel`, `IsComment`, `IsMember`, `IsShowSubDetail`, `CatalogId`, `Counts`, `Rank`, `Icon`, `ClassName`, `BannerImg`, `KindInfo`, `Pic`, `AdsId`, `FilePath`) VALUES
(1, '关于我们', NULL, NULL, NULL, NULL, '1', NULL, 'Index.cshtml', 'Detail_About.cshtml', NULL, 1, 15, 0, 0, '0,', 0, 0, 0, 0, 0, 1, 0, 5, 0, NULL, NULL, NULL, NULL, NULL, 0, NULL),
(2, '新闻资讯', NULL, NULL, NULL, NULL, '/Article/Index/6', NULL, 'Index.cshtml', 'Detail.cshtml', NULL, 1, 15, 0, 0, '0,', 0, 0, 0, 0, 0, 1, 0, 0, 0, NULL, NULL, NULL, NULL, NULL, 0, NULL),
(3, '项目案例', NULL, NULL, NULL, NULL, NULL, NULL, NULL, NULL, NULL, 1, 15, 0, 0, '0,', 0, 0, 0, 0, 0, 1, 0, 0, 0, NULL, NULL, NULL, NULL, NULL, 0, NULL),
(4, '用户服务', NULL, NULL, NULL, NULL, '/Article/Index/8', NULL, 'Index.cshtml', 'Detail.cshtml', NULL, 1, 15, 0, 0, '0,', 0, 0, 0, 0, 0, 1, 0, 0, 0, NULL, NULL, NULL, NULL, NULL, 0, NULL),
(5, '联系我们', NULL, NULL, NULL, NULL, '/Article/Index/10', NULL, 'Index.cshtml', 'Detail.cshtml', NULL, 1, 15, 0, 0, '0,', 0, 0, 0, 0, 0, 1, 0, 1, 0, NULL, NULL, NULL, NULL, NULL, 0, NULL),
(6, '公司新闻', NULL, NULL, NULL, NULL, NULL, NULL, 'Index.cshtml', 'Detail_News.cshtml', NULL, 1, 2, 2, 1, '0,2,', 0, 0, 0, 0, 0, 1, 0, 4, 0, NULL, NULL, NULL, NULL, NULL, 0, NULL),
(7, '行业资讯', NULL, NULL, NULL, NULL, NULL, NULL, 'Index.cshtml', 'Detail_News.cshtml', NULL, 1, 15, 2, 1, '0,2,', 0, 0, 0, 0, 0, 1, 0, 1, 0, NULL, NULL, NULL, NULL, NULL, 0, NULL),
(8, '产品使用', NULL, NULL, NULL, NULL, NULL, NULL, 'Index.cshtml', 'Detail_News.cshtml', NULL, 1, 15, 4, 1, '0,4,', 0, 0, 0, 0, 0, 1, 0, 0, 0, NULL, NULL, NULL, NULL, NULL, 0, NULL),
(9, '产品下载', NULL, NULL, NULL, NULL, NULL, NULL, 'Index.cshtml', 'Detail_News.cshtml', NULL, 1, 15, 4, 1, '0,4,', 0, 0, 0, 0, 0, 1, 0, 0, 0, NULL, NULL, NULL, NULL, NULL, 0, NULL),
(10, '联系方式', NULL, NULL, NULL, NULL, '2', NULL, 'Index.cshtml', 'Detail_Contact.cshtml', NULL, 1, 15, 5, 1, '0,5,', 0, 0, 0, 0, 0, 1, 0, 0, 0, NULL, NULL, NULL, NULL, NULL, 0, NULL),
(11, '在线留言', NULL, NULL, NULL, NULL, NULL, NULL, 'Index_Guestbook.cshtml', 'Detail.cshtml', NULL, 0, 15, 5, 1, '0,5,', 0, 0, 0, 0, 0, 1, 0, 0, 0, NULL, NULL, NULL, NULL, NULL, 0, NULL),
(12, '常见问题', NULL, NULL, NULL, NULL, NULL, NULL, 'Index.cshtml', 'Detail_News.cshtml', NULL, 1, 15, 4, 1, '0,4,', 0, 0, 0, 0, 0, 1, 0, 0, 0, NULL, NULL, NULL, NULL, NULL, 0, NULL);

-- --------------------------------------------------------

--
-- 表的结构 `BalanceChangeLog`
--

CREATE TABLE `BalanceChangeLog` (
  `Id` int(11) NOT NULL COMMENT '编号',
  `UId` int(11) NOT NULL COMMENT '用户ID',
  `AdminId` int(11) NOT NULL COMMENT '管理员ID',
  `UserName` varchar(20) DEFAULT NULL COMMENT '用户名',
  `AddTime` datetime DEFAULT NULL COMMENT '时间',
  `IP` varchar(20) DEFAULT NULL COMMENT '登录IP',
  `Actions` varchar(100) DEFAULT NULL COMMENT '记录',
  `Reward` decimal(10,0) NOT NULL COMMENT '总积分',
  `BeforChange` decimal(10,0) NOT NULL COMMENT '总积分',
  `AfterChange` decimal(10,0) NOT NULL COMMENT '总积分',
  `LogDetails` varchar(250) DEFAULT NULL COMMENT '详细记录',
  `TypeId` int(11) NOT NULL COMMENT '类型 0 充值 1 购买 2 赠送 3 退款 4 分销提成',
  `OrderId` int(11) NOT NULL COMMENT '订单ID',
  `OrderNum` varchar(50) DEFAULT NULL COMMENT '订单号'
) ENGINE=InnoDB DEFAULT CHARSET=utf8mb4 COMMENT='用户余额变化记录' ROW_FORMAT=DYNAMIC;

-- --------------------------------------------------------

--
-- 表的结构 `Category`
--

CREATE TABLE `Category` (
  `Id` int(11) NOT NULL COMMENT '编号',
  `KindName` varchar(250) CHARACTER SET utf8 DEFAULT NULL COMMENT '栏目名称',
  `SubTitle` varchar(250) CHARACTER SET utf8 DEFAULT NULL COMMENT '栏目副标题',
  `KindTitle` varchar(250) CHARACTER SET utf8 DEFAULT NULL COMMENT '栏目标题，填写则在浏览器替换此标题',
  `Keyword` varchar(250) CHARACTER SET utf8 DEFAULT NULL COMMENT '描述',
  `Description` varchar(250) CHARACTER SET utf8 DEFAULT NULL COMMENT '介绍',
  `LinkURL` varchar(250) CHARACTER SET utf8 DEFAULT NULL COMMENT '跳转链接',
  `TitleColor` varchar(50) CHARACTER SET utf8 DEFAULT NULL COMMENT '类别名称颜色',
  `TemplateFile` varchar(250) CHARACTER SET utf8 DEFAULT NULL COMMENT '模板',
  `DetailTemplateFile` varchar(250) CHARACTER SET utf8 DEFAULT NULL COMMENT '详情模板',
  `KindDomain` varchar(250) CHARACTER SET utf8 DEFAULT NULL COMMENT '类别域名（保留）',
  `IsList` int(11) NOT NULL COMMENT '是否为列表页面',
  `PageSize` int(11) NOT NULL COMMENT '每页显示数量',
  `PId` int(11) NOT NULL COMMENT '上级ID',
  `Level` int(11) NOT NULL COMMENT '级别',
  `Location` varchar(100) CHARACTER SET utf8 DEFAULT NULL COMMENT '路径',
  `IsHide` int(11) NOT NULL COMMENT '是否隐藏',
  `IsLock` int(11) NOT NULL COMMENT '是否锁定，不允许删除',
  `IsDel` int(11) NOT NULL COMMENT '是否删除,已经删除到回收站',
  `IsComment` int(11) NOT NULL COMMENT '是否允许评论',
  `IsMember` int(11) NOT NULL COMMENT '是否会员栏目',
  `IsShowSubDetail` int(11) NOT NULL COMMENT '是否显示下级栏目内容',
  `CatalogId` int(11) NOT NULL COMMENT '模型ID',
  `Counts` int(11) NOT NULL COMMENT '详情数量，缓存',
  `Rank` int(11) NOT NULL COMMENT '排序',
  `Icon` varchar(100) CHARACTER SET utf8 DEFAULT NULL COMMENT '图标',
  `ClassName` varchar(50) CHARACTER SET utf8 DEFAULT NULL COMMENT '样式名称',
  `BannerImg` varchar(250) CHARACTER SET utf8 DEFAULT NULL COMMENT 'banner图片',
  `KindInfo` text COMMENT '栏目详细介绍',
  `Pic` varchar(250) CHARACTER SET utf8 DEFAULT NULL COMMENT '图片',
  `AdsId` int(11) NOT NULL COMMENT '广告ID',
  `FilePath` varchar(100) CHARACTER SET utf8 DEFAULT NULL COMMENT '目录路径'
) ENGINE=InnoDB DEFAULT CHARSET=utf8mb4 COMMENT='商品栏目' ROW_FORMAT=DYNAMIC;

--
-- 转存表中的数据 `Category`
--

INSERT INTO `Category` (`Id`, `KindName`, `SubTitle`, `KindTitle`, `Keyword`, `Description`, `LinkURL`, `TitleColor`, `TemplateFile`, `DetailTemplateFile`, `KindDomain`, `IsList`, `PageSize`, `PId`, `Level`, `Location`, `IsHide`, `IsLock`, `IsDel`, `IsComment`, `IsMember`, `IsShowSubDetail`, `CatalogId`, `Counts`, `Rank`, `Icon`, `ClassName`, `BannerImg`, `KindInfo`, `Pic`, `AdsId`, `FilePath`) VALUES
(1, '网站系统', NULL, NULL, NULL, NULL, NULL, NULL, NULL, NULL, NULL, 0, 15, 0, 0, '0,', 0, 0, 0, 0, 0, 1, 0, 2, 0, NULL, NULL, NULL, NULL, NULL, 0, NULL),
(2, '微商城系统', NULL, NULL, NULL, NULL, NULL, NULL, NULL, NULL, NULL, 0, 15, 0, 0, '0,', 0, 0, 0, 0, 0, 1, 0, 2, 0, NULL, NULL, NULL, NULL, NULL, 0, NULL),
(3, '小程序系统', NULL, NULL, NULL, NULL, NULL, NULL, NULL, NULL, NULL, 0, 15, 0, 0, '0,', 0, 0, 0, 0, 0, 1, 0, 1, 0, NULL, NULL, NULL, NULL, NULL, 0, NULL);

-- --------------------------------------------------------

--
-- 表的结构 `Config`
--

CREATE TABLE `Config` (
  `Id` int(11) NOT NULL COMMENT '编号',
  `SiteName` varchar(250) CHARACTER SET utf8 DEFAULT NULL COMMENT '站点名称',
  `SiteUrl` varchar(50) CHARACTER SET utf8 DEFAULT NULL COMMENT '站点URL',
  `SiteLogo` varchar(250) CHARACTER SET utf8 DEFAULT NULL COMMENT '站点LOGO',
  `ICP` varchar(50) CHARACTER SET utf8 DEFAULT NULL COMMENT 'ICP备案',
  `SiteEmail` varchar(100) CHARACTER SET utf8 DEFAULT NULL COMMENT '联系我们Email',
  `SiteTel` varchar(50) CHARACTER SET utf8 DEFAULT NULL COMMENT '网站电话',
  `Copyright` text COMMENT '版权所有',
  `IsCloseSite` enum('N','Y') NOT NULL COMMENT '是否关闭网站',
  `CloseReason` text COMMENT '关闭原因',
  `CountScript` text COMMENT '统计代码',
  `WeiboQRCode` varchar(250) CHARACTER SET utf8 DEFAULT NULL COMMENT '微博二维码',
  `WinxinQRCode` varchar(250) CHARACTER SET utf8 DEFAULT NULL COMMENT '微信二维码',
  `Keyword` varchar(250) CHARACTER SET utf8 DEFAULT NULL COMMENT '关键字',
  `Description` varchar(250) CHARACTER SET utf8 DEFAULT NULL COMMENT '描述',
  `IndexTitle` varchar(250) CHARACTER SET utf8 DEFAULT NULL COMMENT '首页标题',
  `IsRewrite` int(11) NOT NULL COMMENT '是否URL地址重写',
  `SearchMinTime` int(11) NOT NULL COMMENT '搜索最小时间间距 秒',
  `OnlineQQ` varchar(250) CHARACTER SET utf8 DEFAULT NULL COMMENT '在线QQ',
  `OnlineSkype` varchar(250) CHARACTER SET utf8 DEFAULT NULL COMMENT '在线Skype',
  `OnlineWangWang` varchar(250) CHARACTER SET utf8 DEFAULT NULL COMMENT '在线阿里旺旺',
  `SkinName` varchar(50) CHARACTER SET utf8 DEFAULT NULL COMMENT '站点URL',
  `OfficialName` varchar(50) CHARACTER SET utf8 DEFAULT NULL COMMENT '公众号名称',
  `OfficialDecsription` varchar(250) CHARACTER SET utf8 DEFAULT NULL COMMENT '公众号介绍',
  `OfficialOriginalId` varchar(100) CHARACTER SET utf8 DEFAULT NULL COMMENT '公众号原始ID',
  `WexinAccount` varchar(50) CHARACTER SET utf8 DEFAULT NULL COMMENT '微信名称',
  `Token` varchar(100) CHARACTER SET utf8 DEFAULT NULL COMMENT 'Token',
  `AppId` varchar(100) CHARACTER SET utf8 DEFAULT NULL COMMENT 'AppId',
  `AppSecret` varchar(100) CHARACTER SET utf8 DEFAULT NULL COMMENT 'AppSecret',
  `FllowTipPageURL` varchar(250) CHARACTER SET utf8 DEFAULT NULL COMMENT '引导关注素材地址',
  `OfficialType` int(11) NOT NULL COMMENT '公众号类型：0普通订阅号  1普通服务号  2认证订阅号  3认证服务号 4企业号 5认证企业号',
  `EncodingAESKey` varchar(250) CHARACTER SET utf8 DEFAULT NULL COMMENT 'EncodingAESKey',
  `DEType` int(11) NOT NULL COMMENT '解密方式0,明文',
  `OfficialQRCode` varchar(250) CHARACTER SET utf8 DEFAULT NULL COMMENT '公众号二维码地址',
  `OfficialImg` varchar(250) CHARACTER SET utf8 DEFAULT NULL COMMENT '公众号头像',
  `LastUpdateTime` datetime DEFAULT NULL COMMENT '最后更新时间',
  `LastCacheTime` datetime DEFAULT NULL COMMENT '最后缓存时间',
  `MCHId` varchar(100) CHARACTER SET utf8 DEFAULT NULL COMMENT '微信商家MCHId',
  `MCHKey` varchar(100) CHARACTER SET utf8 DEFAULT NULL COMMENT '微信商家key',
  `DefaultFare` decimal(10,0) NOT NULL COMMENT '默认运费',
  `MaxFreeFare` decimal(10,0) NOT NULL COMMENT '最大免运费金额',
  `WXAppId` varchar(100) CHARACTER SET utf8 DEFAULT NULL COMMENT '微信小程序AppId',
  `WXAppSecret` varchar(100) CHARACTER SET utf8 DEFAULT NULL COMMENT '微信小程序AppSecret',
  `IsResetData` int(11) NOT NULL COMMENT '小程序首页是否显示清除数据按钮'
) ENGINE=InnoDB DEFAULT CHARSET=utf8mb4 COMMENT='系统配置' ROW_FORMAT=DYNAMIC;

--
-- 转存表中的数据 `Config`
--

INSERT INTO `Config` (`Id`, `SiteName`, `SiteUrl`, `SiteLogo`, `ICP`, `SiteEmail`, `SiteTel`, `Copyright`, `IsCloseSite`, `CloseReason`, `CountScript`, `WeiboQRCode`, `WinxinQRCode`, `Keyword`, `Description`, `IndexTitle`, `IsRewrite`, `SearchMinTime`, `OnlineQQ`, `OnlineSkype`, `OnlineWangWang`, `SkinName`, `OfficialName`, `OfficialDecsription`, `OfficialOriginalId`, `WexinAccount`, `Token`, `AppId`, `AppSecret`, `FllowTipPageURL`, `OfficialType`, `EncodingAESKey`, `DEType`, `OfficialQRCode`, `OfficialImg`, `LastUpdateTime`, `LastCacheTime`, `MCHId`, `MCHKey`, `DefaultFare`, `MaxFreeFare`, `WXAppId`, `WXAppSecret`, `IsResetData`) VALUES
(1, 'COMCMS', 'http://www.comcms.com', '/images/logo.png', '', NULL, NULL, NULL, 'N', NULL, NULL, NULL, NULL, NULL, NULL, NULL, 0, 0, NULL, NULL, NULL, NULL, NULL, NULL, NULL, NULL, NULL, NULL, NULL, NULL, 0, NULL, 0, NULL, NULL, '2018-12-05 11:49:59', '2018-12-05 11:49:59', NULL, NULL, '0', '0', NULL, NULL, 0);

-- --------------------------------------------------------

--
-- 表的结构 `Coupon`
--

CREATE TABLE `Coupon` (
  `Id` int(11) NOT NULL COMMENT '编号',
  `ItemNO` varchar(20) DEFAULT NULL COMMENT '券号',
  `KId` int(11) NOT NULL COMMENT '类别，0默认没限制',
  `CouponType` int(11) NOT NULL COMMENT '优惠券类型，0 现金用券，1打折券',
  `DiscuountRates` decimal(10,0) NOT NULL COMMENT '打折率，只有是打折券才有用',
  `IsLimit` int(11) NOT NULL COMMENT '是否有类别限制，0 无限制；1 是类别限制，2是商品限制',
  `Price` decimal(10,0) NOT NULL COMMENT '面额',
  `NeedPrice` decimal(10,0) NOT NULL COMMENT '需要消费面额',
  `AddTime` datetime DEFAULT NULL COMMENT '添加时间',
  `StartTime` datetime DEFAULT NULL COMMENT '添加时间',
  `EndTime` datetime DEFAULT NULL COMMENT '添加时间',
  `TotalCount` int(11) NOT NULL COMMENT '最大领取数量',
  `TotalUseCount` int(11) NOT NULL COMMENT '已使用次数',
  `SpreadUId` int(11) NOT NULL COMMENT '推广员ID，可选',
  `UId` int(11) NOT NULL COMMENT '用户Id',
  `MyType` int(11) NOT NULL COMMENT '可使用类型'
) ENGINE=InnoDB DEFAULT CHARSET=utf8mb4 COMMENT='优惠券' ROW_FORMAT=DYNAMIC;

-- --------------------------------------------------------

--
-- 表的结构 `CouponKind`
--

CREATE TABLE `CouponKind` (
  `Id` int(11) NOT NULL COMMENT '编号',
  `IsLimit` int(11) NOT NULL COMMENT '是否有类别限制，0 无限制；1 是类别限制，2是商品限制',
  `KindName` varchar(200) DEFAULT NULL COMMENT '类别名称',
  `CouponType` int(11) NOT NULL COMMENT '优惠券类型，0 现金用券，1打折券',
  `KIds` text COMMENT '类别按逗号分开',
  `PIds` text COMMENT '商品ID，按逗号分开',
  `KindNote` varchar(250) DEFAULT NULL COMMENT '类别说明',
  `AddTime` datetime DEFAULT NULL COMMENT '添加时间',
  `MyType` int(11) NOT NULL COMMENT '可使用类型'
) ENGINE=InnoDB DEFAULT CHARSET=utf8mb4 COMMENT='优惠券分类' ROW_FORMAT=DYNAMIC;

-- --------------------------------------------------------

--
-- 表的结构 `CouponUseLog`
--

CREATE TABLE `CouponUseLog` (
  `Id` int(11) NOT NULL COMMENT '编号',
  `UId` int(11) NOT NULL COMMENT '用户ID',
  `CouponId` int(11) NOT NULL COMMENT '优惠券ID',
  `ItemNO` varchar(20) DEFAULT NULL COMMENT '优惠券编号',
  `OrderNum` varchar(50) DEFAULT NULL COMMENT '订单号',
  `OrderId` int(11) NOT NULL COMMENT '订单编号',
  `UserName` varchar(200) DEFAULT NULL COMMENT '用户名',
  `Title` varchar(200) DEFAULT NULL COMMENT '订单名称',
  `AddTime` datetime DEFAULT NULL COMMENT '时间',
  `IP` varchar(20) DEFAULT NULL COMMENT '登录IP',
  `Actions` varchar(250) DEFAULT NULL COMMENT '记录详情'
) ENGINE=InnoDB DEFAULT CHARSET=utf8mb4 COMMENT='优惠券使用记录' ROW_FORMAT=DYNAMIC;

-- --------------------------------------------------------

--
-- 表的结构 `Food`
--

CREATE TABLE `Food` (
  `Id` int(11) NOT NULL COMMENT '编号',
  `KId` int(11) NOT NULL COMMENT '栏目ID',
  `BId` int(11) NOT NULL COMMENT '品牌ID',
  `ShopId` int(11) NOT NULL COMMENT '店铺ID',
  `CId` int(11) NOT NULL COMMENT '颜色ID',
  `SupportId` int(11) NOT NULL COMMENT '供货商ID',
  `Title` varchar(250) DEFAULT NULL COMMENT '标题',
  `ItemNO` varchar(50) DEFAULT NULL COMMENT '编号',
  `SubTitle` varchar(250) DEFAULT NULL COMMENT '副标题',
  `Unit` varchar(250) DEFAULT NULL COMMENT '商品单位',
  `Spec` varchar(250) DEFAULT NULL COMMENT '商品规格尺寸',
  `Color` varchar(250) DEFAULT NULL COMMENT '颜色',
  `Weight` varchar(50) DEFAULT NULL COMMENT '重量',
  `Price` decimal(10,0) NOT NULL COMMENT '价格',
  `MarketPrice` decimal(10,0) NOT NULL COMMENT '市场价格',
  `SpecialPrice` decimal(10,0) NOT NULL COMMENT '特价，如有特价，以特价为准',
  `Fare` decimal(10,0) NOT NULL COMMENT '运费',
  `Discount` decimal(10,0) NOT NULL COMMENT '折扣',
  `Material` varchar(250) DEFAULT NULL COMMENT '材料',
  `Front` varchar(250) DEFAULT NULL COMMENT '封面',
  `Credits` int(11) NOT NULL COMMENT '积分',
  `Stock` int(11) NOT NULL COMMENT '库存',
  `WarnStock` int(11) NOT NULL COMMENT '警告库存',
  `IsSubProduct` int(11) NOT NULL COMMENT '是否为子商品',
  `PPId` int(11) NOT NULL COMMENT '父商品ID。如果为子商品，则需要填写父商品ID。实现多颜色功能',
  `Content` text COMMENT '内容',
  `Parameters` text COMMENT '商品参数',
  `Keyword` varchar(250) DEFAULT NULL COMMENT '描述',
  `Description` varchar(250) DEFAULT NULL COMMENT '介绍',
  `LinkURL` varchar(250) DEFAULT NULL COMMENT '跳转链接',
  `TitleColor` varchar(50) DEFAULT NULL COMMENT '类别名称颜色',
  `TemplateFile` varchar(250) DEFAULT NULL COMMENT '模板',
  `IsRecommend` int(11) NOT NULL COMMENT '是否推荐',
  `IsHide` int(11) NOT NULL COMMENT '是否隐藏',
  `IsLock` int(11) NOT NULL COMMENT '是否锁定，不允许删除',
  `IsDel` int(11) NOT NULL COMMENT '是否删除,已经删除到回收站',
  `IsTop` int(11) NOT NULL COMMENT '是否置顶',
  `IsBest` int(11) NOT NULL COMMENT '是否精华',
  `IsComment` int(11) NOT NULL COMMENT '是否允许评论',
  `IsMember` int(11) NOT NULL COMMENT '是否会员栏目',
  `IsNew` int(11) NOT NULL COMMENT '是否新品',
  `IsSpecial` int(11) NOT NULL COMMENT '是否特价',
  `IsPromote` int(11) NOT NULL COMMENT '是否促销',
  `IsHotSales` int(11) NOT NULL COMMENT '是否热销',
  `IsBreakup` int(11) NOT NULL COMMENT '是否缺货',
  `IsShelves` int(11) NOT NULL COMMENT '是否下架',
  `IsVerify` int(11) NOT NULL COMMENT '是否审核，1为已经审核前台显示',
  `Hits` int(11) NOT NULL COMMENT '点击数量',
  `IsGift` int(11) NOT NULL COMMENT '是否为礼品商品',
  `IsPart` int(11) NOT NULL COMMENT '是否为配件',
  `Sequence` int(11) NOT NULL COMMENT '排序',
  `CommentCount` int(11) NOT NULL COMMENT '评论数量',
  `Icon` varchar(100) DEFAULT NULL COMMENT '图标',
  `ClassName` varchar(50) DEFAULT NULL COMMENT '样式名称',
  `BannerImg` varchar(250) DEFAULT NULL COMMENT 'banner图片',
  `Pic` varchar(250) DEFAULT NULL COMMENT '图片',
  `AdsId` int(11) NOT NULL COMMENT '广告ID',
  `Tags` varchar(250) DEFAULT NULL COMMENT 'TAG',
  `ItemImg` text COMMENT '更多图片',
  `Service` text COMMENT '售后服务',
  `AuthorId` int(11) NOT NULL COMMENT '添加管理员ID',
  `AddTime` datetime DEFAULT NULL COMMENT '添加时间',
  `UpdateTime` datetime DEFAULT NULL COMMENT '时间',
  `Location` varchar(100) DEFAULT NULL COMMENT '路径',
  `FilePath` varchar(100) DEFAULT NULL COMMENT '存放目录'
) ENGINE=InnoDB DEFAULT CHARSET=utf8mb4 COMMENT='快餐' ROW_FORMAT=DYNAMIC;

-- --------------------------------------------------------

--
-- 表的结构 `Guestbook`
--

CREATE TABLE `Guestbook` (
  `Id` int(11) NOT NULL COMMENT '编号',
  `KId` int(11) NOT NULL COMMENT '分类ID',
  `UId` int(11) NOT NULL COMMENT '用户ID',
  `Title` varchar(250) DEFAULT NULL COMMENT '留言标题',
  `Content` text COMMENT '详细介绍',
  `AddTime` datetime DEFAULT NULL COMMENT '添加时间',
  `IsVerify` int(11) NOT NULL COMMENT '是否审核通过',
  `IsRead` int(11) NOT NULL COMMENT '是否阅读',
  `IsDel` int(11) NOT NULL COMMENT '是否删除,已经删除到回收站',
  `IP` varchar(20) DEFAULT NULL COMMENT '用户IP',
  `Nickname` varchar(50) DEFAULT NULL COMMENT '昵称',
  `Email` varchar(100) DEFAULT NULL COMMENT '邮箱',
  `Tel` varchar(50) DEFAULT NULL COMMENT '电话',
  `QQ` varchar(20) DEFAULT NULL COMMENT 'QQ',
  `Skype` varchar(100) DEFAULT NULL COMMENT 'Skype',
  `HomePage` varchar(250) DEFAULT NULL COMMENT '主页',
  `Address` varchar(250) DEFAULT NULL COMMENT '地址',
  `Company` varchar(250) DEFAULT NULL COMMENT '公司',
  `ReplyTitle` varchar(250) DEFAULT NULL COMMENT '回复标题',
  `ReplyContent` text COMMENT '回复的详情',
  `ReplyAddTime` datetime DEFAULT NULL COMMENT '回复时间',
  `ReplyIP` varchar(20) DEFAULT NULL COMMENT '用户回复IP',
  `ReplyAdminId` int(11) NOT NULL COMMENT '用户的管理员ID',
  `ReplyNickName` varchar(20) DEFAULT NULL COMMENT '回复者昵称'
) ENGINE=InnoDB DEFAULT CHARSET=utf8mb4 COMMENT='留言详情' ROW_FORMAT=DYNAMIC;

-- --------------------------------------------------------

--
-- 表的结构 `GuestbookCategory`
--

CREATE TABLE `GuestbookCategory` (
  `Id` int(11) NOT NULL COMMENT '编号',
  `KindName` varchar(50) DEFAULT NULL COMMENT '类别名称',
  `KindInfo` varchar(250) DEFAULT NULL COMMENT '简单说明',
  `Pic` varchar(250) DEFAULT NULL COMMENT '分类图片',
  `Rank` int(11) NOT NULL COMMENT '排序'
) ENGINE=InnoDB DEFAULT CHARSET=utf8mb4 COMMENT='留言分类' ROW_FORMAT=DYNAMIC;

-- --------------------------------------------------------

--
-- 表的结构 `HotelRoom`
--

CREATE TABLE `HotelRoom` (
  `Id` int(11) NOT NULL COMMENT '编号',
  `KId` int(11) NOT NULL COMMENT '栏目ID',
  `BId` int(11) NOT NULL COMMENT '品牌ID',
  `ShopId` int(11) NOT NULL COMMENT '店铺ID',
  `CId` int(11) NOT NULL COMMENT '颜色ID',
  `SupportId` int(11) NOT NULL COMMENT '供货商ID',
  `Title` varchar(250) DEFAULT NULL COMMENT '标题',
  `ItemNO` varchar(50) DEFAULT NULL COMMENT '编号',
  `SubTitle` varchar(250) DEFAULT NULL COMMENT '副标题',
  `Unit` varchar(250) DEFAULT NULL COMMENT '商品单位',
  `Spec` varchar(250) DEFAULT NULL COMMENT '商品规格尺寸',
  `Color` varchar(250) DEFAULT NULL COMMENT '颜色',
  `Weight` varchar(50) DEFAULT NULL COMMENT '重量',
  `Price` decimal(10,0) NOT NULL COMMENT '价格',
  `MarketPrice` decimal(10,0) NOT NULL COMMENT '市场价格',
  `SpecialPrice` decimal(10,0) NOT NULL COMMENT '特价，如有特价，以特价为准',
  `Fare` decimal(10,0) NOT NULL COMMENT '运费',
  `Discount` decimal(10,0) NOT NULL COMMENT '折扣',
  `Material` varchar(250) DEFAULT NULL COMMENT '材料',
  `Front` varchar(250) DEFAULT NULL COMMENT '封面',
  `Credits` int(11) NOT NULL COMMENT '积分',
  `Stock` int(11) NOT NULL COMMENT '库存',
  `WarnStock` int(11) NOT NULL COMMENT '警告库存',
  `IsSubProduct` int(11) NOT NULL COMMENT '是否为子商品',
  `PPId` int(11) NOT NULL COMMENT '父商品ID。如果为子商品，则需要填写父商品ID。实现多颜色功能',
  `Content` text COMMENT '内容',
  `Parameters` text COMMENT '商品参数',
  `Keyword` varchar(250) DEFAULT NULL COMMENT '描述',
  `Description` varchar(250) DEFAULT NULL COMMENT '介绍',
  `LinkURL` varchar(250) DEFAULT NULL COMMENT '跳转链接',
  `TitleColor` varchar(50) DEFAULT NULL COMMENT '类别名称颜色',
  `TemplateFile` varchar(250) DEFAULT NULL COMMENT '模板',
  `IsRecommend` int(11) NOT NULL COMMENT '是否推荐',
  `IsHide` int(11) NOT NULL COMMENT '是否隐藏',
  `IsLock` int(11) NOT NULL COMMENT '是否锁定，不允许删除',
  `IsDel` int(11) NOT NULL COMMENT '是否删除,已经删除到回收站',
  `IsTop` int(11) NOT NULL COMMENT '是否置顶',
  `IsBest` int(11) NOT NULL COMMENT '是否精华',
  `IsComment` int(11) NOT NULL COMMENT '是否允许评论',
  `IsMember` int(11) NOT NULL COMMENT '是否会员栏目',
  `IsNew` int(11) NOT NULL COMMENT '是否新品',
  `IsSpecial` int(11) NOT NULL COMMENT '是否特价',
  `IsPromote` int(11) NOT NULL COMMENT '是否促销',
  `IsHotSales` int(11) NOT NULL COMMENT '是否热销',
  `IsBreakup` int(11) NOT NULL COMMENT '是否缺货',
  `IsShelves` int(11) NOT NULL COMMENT '是否下架',
  `IsVerify` int(11) NOT NULL COMMENT '是否审核，1为已经审核前台显示',
  `Hits` int(11) NOT NULL COMMENT '点击数量',
  `IsGift` int(11) NOT NULL COMMENT '是否为礼品商品',
  `IsPart` int(11) NOT NULL COMMENT '是否为配件',
  `Sequence` int(11) NOT NULL COMMENT '排序',
  `CommentCount` int(11) NOT NULL COMMENT '评论数量',
  `Icon` varchar(100) DEFAULT NULL COMMENT '图标',
  `ClassName` varchar(50) DEFAULT NULL COMMENT '样式名称',
  `BannerImg` varchar(250) DEFAULT NULL COMMENT 'banner图片',
  `Pic` varchar(250) DEFAULT NULL COMMENT '图片',
  `AdsId` int(11) NOT NULL COMMENT '广告ID',
  `Tags` varchar(250) DEFAULT NULL COMMENT 'TAG',
  `ItemImg` text COMMENT '更多图片',
  `Service` text COMMENT '售后服务',
  `AuthorId` int(11) NOT NULL COMMENT '添加管理员ID',
  `AddTime` datetime DEFAULT NULL COMMENT '添加时间',
  `UpdateTime` datetime DEFAULT NULL COMMENT '时间',
  `Location` varchar(100) DEFAULT NULL COMMENT '路径',
  `FilePath` varchar(100) DEFAULT NULL COMMENT '存放目录',
  `PriceList` text COMMENT '日期价格'
) ENGINE=InnoDB DEFAULT CHARSET=utf8mb4 COMMENT='酒店房间' ROW_FORMAT=DYNAMIC;

-- --------------------------------------------------------

--
-- 表的结构 `Link`
--

CREATE TABLE `Link` (
  `Id` int(11) NOT NULL COMMENT '编号',
  `KId` int(11) NOT NULL COMMENT '分类ID',
  `Title` varchar(250) CHARACTER SET utf8 DEFAULT NULL COMMENT '站点标题',
  `LinkURL` varchar(250) CHARACTER SET utf8 DEFAULT NULL COMMENT '站点连接',
  `Info` varchar(250) CHARACTER SET utf8 DEFAULT NULL COMMENT '介绍',
  `Logo` varchar(250) CHARACTER SET utf8 DEFAULT NULL COMMENT '站点LOGO',
  `IsHide` enum('N','Y') NOT NULL COMMENT '是否隐藏友情链接',
  `Sequence` int(11) NOT NULL COMMENT '排序，默认999'
) ENGINE=InnoDB DEFAULT CHARSET=utf8mb4 COMMENT='友情连接详情' ROW_FORMAT=DYNAMIC;

--
-- 转存表中的数据 `Link`
--

INSERT INTO `Link` (`Id`, `KId`, `Title`, `LinkURL`, `Info`, `Logo`, `IsHide`, `Sequence`) VALUES
(1, 1, 'Google', 'https://www.google.com', NULL, '/userfiles/images/2018/46704eae13e45ead.png', 'N', 999),
(2, 1, '谷歌', 'https://www.google.com', NULL, '/userfiles/images/2018/46704eae13e45ead.png', 'N', 999);

-- --------------------------------------------------------

--
-- 表的结构 `LinkKind`
--

CREATE TABLE `LinkKind` (
  `Id` int(11) NOT NULL COMMENT '编号',
  `KindName` varchar(50) CHARACTER SET utf8 DEFAULT NULL COMMENT '类别名称',
  `KindInfo` varchar(250) CHARACTER SET utf8 DEFAULT NULL COMMENT '简单说明',
  `Pic` varchar(250) CHARACTER SET utf8 DEFAULT NULL COMMENT '分类图片',
  `Rank` int(11) NOT NULL COMMENT '排序'
) ENGINE=InnoDB DEFAULT CHARSET=utf8mb4 COMMENT='友情链接分类' ROW_FORMAT=DYNAMIC;

--
-- 转存表中的数据 `LinkKind`
--

INSERT INTO `LinkKind` (`Id`, `KindName`, `KindInfo`, `Pic`, `Rank`) VALUES
(1, '友情链接', NULL, NULL, 0);

-- --------------------------------------------------------

--
-- 表的结构 `Member`
--

CREATE TABLE `Member` (
  `Id` int(11) NOT NULL COMMENT '编号',
  `UserName` varchar(20) DEFAULT NULL COMMENT '用户名',
  `PassWord` varchar(50) DEFAULT NULL COMMENT '密码',
  `Salt` varchar(20) DEFAULT NULL COMMENT '盐值',
  `RealName` varchar(20) DEFAULT NULL COMMENT '姓名',
  `Tel` varchar(20) DEFAULT NULL COMMENT '手机',
  `Email` varchar(100) DEFAULT NULL COMMENT '邮件',
  `RoleId` int(11) NOT NULL COMMENT '会员组，代理级别',
  `LastLoginTime` datetime DEFAULT NULL COMMENT '最后登录时间',
  `LastLoginIP` varchar(20) DEFAULT NULL COMMENT '上次登录IP',
  `ThisLoginTime` datetime DEFAULT NULL COMMENT '本次登录时间',
  `ThisLoginIP` varchar(20) DEFAULT NULL COMMENT '本次登录IP',
  `IsLock` int(11) NOT NULL COMMENT '是否是锁定',
  `Nickname` varchar(200) DEFAULT NULL COMMENT '昵称',
  `UserImg` varchar(250) DEFAULT NULL COMMENT '头像',
  `Sex` int(11) NOT NULL COMMENT '性别 0 保密 1 男 2女',
  `Birthday` datetime DEFAULT NULL COMMENT '生日',
  `Phone` varchar(20) DEFAULT NULL COMMENT '电话',
  `Fax` varchar(20) DEFAULT NULL COMMENT '传真',
  `QQ` varchar(20) DEFAULT NULL COMMENT 'QQ',
  `Weixin` varchar(50) DEFAULT NULL COMMENT '微信',
  `Alipay` varchar(50) DEFAULT NULL COMMENT '支付宝',
  `Skype` varchar(100) DEFAULT NULL COMMENT 'skype',
  `Homepage` varchar(100) DEFAULT NULL COMMENT '主页',
  `Company` varchar(100) DEFAULT NULL COMMENT '公司',
  `IDNO` varchar(20) DEFAULT NULL COMMENT '身份证',
  `Country` varchar(50) DEFAULT NULL COMMENT '国家',
  `Province` varchar(50) DEFAULT NULL COMMENT '省',
  `City` varchar(50) DEFAULT NULL COMMENT '市',
  `District` varchar(50) DEFAULT NULL COMMENT '区',
  `Address` varchar(250) DEFAULT NULL COMMENT '详细地址',
  `Postcode` varchar(20) DEFAULT NULL COMMENT '邮政编码',
  `RegIP` varchar(20) DEFAULT NULL COMMENT '注册IP',
  `RegTime` datetime DEFAULT NULL COMMENT '注册时间',
  `LoginCount` int(11) NOT NULL COMMENT '登录次数',
  `RndNum` varchar(50) DEFAULT NULL COMMENT '随机字符',
  `RePassWordTime` datetime DEFAULT NULL COMMENT '找回密码时间',
  `Question` varchar(50) DEFAULT NULL COMMENT '保密问题',
  `Answer` varchar(50) DEFAULT NULL COMMENT '保密答案',
  `Balance` decimal(10,0) NOT NULL COMMENT '可用余额',
  `GiftBalance` decimal(10,0) NOT NULL COMMENT '赠送余额',
  `Rebate` decimal(10,0) NOT NULL COMMENT '返利，分销提成',
  `Bank` varchar(50) DEFAULT NULL COMMENT '银行',
  `BankCardNO` varchar(50) DEFAULT NULL COMMENT '银行卡号',
  `BankBranch` varchar(50) DEFAULT NULL COMMENT '支行名称',
  `BankRealname` varchar(50) DEFAULT NULL COMMENT '银行卡姓名',
  `YearsPerformance` decimal(10,0) NOT NULL COMMENT '年业务量',
  `ExtCredits1` decimal(10,0) NOT NULL COMMENT '备用积分1',
  `ExtCredits2` decimal(10,0) NOT NULL COMMENT '备用积分2',
  `ExtCredits3` decimal(10,0) NOT NULL COMMENT '备用积分3',
  `ExtCredits4` decimal(10,0) NOT NULL COMMENT '备用积分4',
  `ExtCredits5` decimal(10,0) NOT NULL COMMENT '备用积分5',
  `TotalCredits` decimal(10,0) NOT NULL COMMENT '总积分',
  `Parent` int(11) NOT NULL COMMENT '父级用户ID',
  `Grandfather` int(11) NOT NULL COMMENT '爷级用户ID',
  `IsSellers` int(11) NOT NULL COMMENT '是否是分销商',
  `IsVerifySellers` int(11) NOT NULL COMMENT '是否已经认证的分销商，缴纳费用',
  `WeixinOpenId` varchar(100) DEFAULT NULL COMMENT '微信公众号OpenId',
  `WeixinAppOpenId` varchar(100) DEFAULT NULL COMMENT '微信OpenId',
  `QQOpenId` varchar(100) DEFAULT NULL COMMENT 'QQ OpenId',
  `WeiboOpenId` varchar(100) DEFAULT NULL COMMENT '微博OpenId'
) ENGINE=InnoDB DEFAULT CHARSET=utf8mb4 COMMENT='用户' ROW_FORMAT=DYNAMIC;

-- --------------------------------------------------------

--
-- 表的结构 `MemberAddress`
--

CREATE TABLE `MemberAddress` (
  `Id` int(11) NOT NULL COMMENT '编号',
  `UId` int(11) NOT NULL COMMENT '用户ID',
  `RealName` varchar(20) DEFAULT NULL COMMENT '姓名',
  `Tel` varchar(20) DEFAULT NULL COMMENT '手机',
  `Email` varchar(100) DEFAULT NULL COMMENT '邮件',
  `IsDefault` enum('N','Y') NOT NULL COMMENT '是否是默认',
  `Phone` varchar(20) DEFAULT NULL COMMENT '电话',
  `Company` varchar(100) DEFAULT NULL COMMENT '公司',
  `Country` varchar(50) DEFAULT NULL COMMENT '国家',
  `Province` varchar(50) DEFAULT NULL COMMENT '省',
  `City` varchar(50) DEFAULT NULL COMMENT '市',
  `District` varchar(50) DEFAULT NULL COMMENT '区',
  `Address` varchar(250) DEFAULT NULL COMMENT '详细地址',
  `Postcode` varchar(20) DEFAULT NULL COMMENT '邮政编码',
  `AddTime` datetime DEFAULT NULL COMMENT '添加时间',
  `UpdateTime` datetime DEFAULT NULL COMMENT '更新时间',
  `Rank` int(11) NOT NULL COMMENT '排序'
) ENGINE=InnoDB DEFAULT CHARSET=utf8mb4 COMMENT='用户地址' ROW_FORMAT=DYNAMIC;

-- --------------------------------------------------------

--
-- 表的结构 `MemberCoupon`
--

CREATE TABLE `MemberCoupon` (
  `Id` int(11) NOT NULL COMMENT '编号',
  `UId` int(11) NOT NULL COMMENT '用户ID',
  `ItemNO` varchar(20) DEFAULT NULL COMMENT '券号',
  `CouponId` int(11) NOT NULL COMMENT '优惠券ID',
  `CouponType` int(11) NOT NULL COMMENT '优惠券类型，0 现金用券，1打折券',
  `DiscuountRates` decimal(10,0) NOT NULL COMMENT '打折率，只有是打折券才有用',
  `IsLimit` int(11) NOT NULL COMMENT '是否有类别限制，0 无限制；1 是类别限制，2是商品限制',
  `Price` decimal(10,0) NOT NULL COMMENT '面额',
  `NeedPrice` decimal(10,0) NOT NULL COMMENT '需要消费面额',
  `AddTime` datetime DEFAULT NULL COMMENT '添加时间',
  `StartTime` datetime DEFAULT NULL COMMENT '添加时间',
  `EndTime` datetime DEFAULT NULL COMMENT '添加时间',
  `IsUse` int(11) NOT NULL COMMENT '是否使用',
  `UseTime` datetime DEFAULT NULL COMMENT '使用时间',
  `OrderNum` varchar(50) DEFAULT NULL COMMENT '订单号（使用后）',
  `OrderId` int(11) NOT NULL COMMENT '订单编号（使用后）'
) ENGINE=InnoDB DEFAULT CHARSET=utf8mb4 COMMENT='用户优惠券' ROW_FORMAT=DYNAMIC;

-- --------------------------------------------------------

--
-- 表的结构 `MemberLog`
--

CREATE TABLE `MemberLog` (
  `Id` int(11) NOT NULL COMMENT '编号',
  `UId` int(11) NOT NULL COMMENT '管理员ID',
  `GUID` varchar(50) DEFAULT NULL COMMENT '唯一ID',
  `UserName` varchar(20) DEFAULT NULL COMMENT '用户名',
  `PassWord` varchar(50) DEFAULT NULL COMMENT '密码',
  `LoginTime` datetime DEFAULT NULL COMMENT '登录时间',
  `LoginIP` varchar(20) DEFAULT NULL COMMENT '登录IP',
  `IsLoginOK` int(11) NOT NULL COMMENT '是否登录成功',
  `Actions` text COMMENT '记录',
  `LastUpdateTime` datetime DEFAULT NULL COMMENT '登录时间'
) ENGINE=InnoDB DEFAULT CHARSET=utf8mb4 COMMENT='用户日志表' ROW_FORMAT=DYNAMIC;

-- --------------------------------------------------------

--
-- 表的结构 `MemberRoles`
--

CREATE TABLE `MemberRoles` (
  `Id` int(11) NOT NULL COMMENT '编号',
  `RoleName` varchar(50) DEFAULT NULL COMMENT '角色名称',
  `RoleDescription` varchar(250) DEFAULT NULL COMMENT '角色简单介绍',
  `Stars` int(11) NOT NULL COMMENT '星级',
  `NotAllowDel` int(11) NOT NULL COMMENT '是否不允许删除',
  `Rank` int(11) NOT NULL COMMENT '排序',
  `Color` varchar(20) DEFAULT NULL COMMENT '颜色',
  `CashBack` decimal(10,0) NOT NULL COMMENT '返现百分比',
  `ParentCashBack` decimal(10,0) NOT NULL COMMENT '父级返现百分比',
  `GrandfatherCashBack` decimal(10,0) NOT NULL COMMENT '爷级返现百分比',
  `IsDefault` int(11) NOT NULL COMMENT '是否是默认角色',
  `IsHalved` int(11) NOT NULL COMMENT '超过级别是否减半',
  `HalvedParentCashBack` decimal(10,0) NOT NULL COMMENT '超过级别父级返现百分比',
  `HalvedGrandfatherCashBack` decimal(10,0) NOT NULL COMMENT '超过级别爷级返现百分比',
  `YearsPerformance` decimal(10,0) NOT NULL COMMENT '年业务量',
  `IsSellers` int(11) NOT NULL COMMENT '是否是分销商',
  `JoinPrice` decimal(10,0) NOT NULL COMMENT '加入分销商价格'
) ENGINE=InnoDB DEFAULT CHARSET=utf8mb4 COMMENT='用户角色' ROW_FORMAT=DYNAMIC;

--
-- 转存表中的数据 `MemberRoles`
--

INSERT INTO `MemberRoles` (`Id`, `RoleName`, `RoleDescription`, `Stars`, `NotAllowDel`, `Rank`, `Color`, `CashBack`, `ParentCashBack`, `GrandfatherCashBack`, `IsDefault`, `IsHalved`, `HalvedParentCashBack`, `HalvedGrandfatherCashBack`, `YearsPerformance`, `IsSellers`, `JoinPrice`) VALUES
(1, '钻石代理', '钻石代理(一级代理)', 5, 1, 0, '', '50', '10', '5', 0, 0, '10', '5', '100000', 1, '50000'),
(2, '白金代理', '白金代理(二级代理)', 4, 1, 0, '', '30', '10', '0', 0, 0, '5', '0', '50000', 0, '0'),
(3, '普通会员', '普通会员', 1, 1, 0, '', '0', '0', '0', 1, 0, '0', '0', '0', 0, '0');

-- --------------------------------------------------------

--
-- 表的结构 `OnlinePayOrder`
--

CREATE TABLE `OnlinePayOrder` (
  `Id` int(11) NOT NULL COMMENT '编号',
  `PayOrderNum` varchar(50) DEFAULT NULL COMMENT '在线支付订单号，唯一',
  `OrderId` int(11) NOT NULL COMMENT '订单ID',
  `OrderNum` varchar(50) DEFAULT NULL COMMENT '订单号',
  `PayId` int(11) NOT NULL COMMENT '支付方式ID',
  `PayType` varchar(50) DEFAULT NULL COMMENT '付款方式',
  `PayTypeNotes` varchar(250) DEFAULT NULL COMMENT '支付备注',
  `Actions` varchar(200) DEFAULT NULL COMMENT '日志记录',
  `UId` int(11) NOT NULL COMMENT '用户ID',
  `UserName` varchar(50) DEFAULT NULL COMMENT '用户名',
  `TotalQty` int(11) NOT NULL COMMENT '总数量',
  `TotalPrice` decimal(10,0) NOT NULL COMMENT '总价格',
  `PaymentStatus` varchar(50) DEFAULT NULL COMMENT '支付状态：未支付、已支付、已退款',
  `PaymentNotes` varchar(250) DEFAULT NULL COMMENT '支付备注',
  `IsOK` int(11) NOT NULL COMMENT '是否完成',
  `IP` varchar(20) DEFAULT NULL COMMENT '下单IP',
  `AddTime` datetime DEFAULT NULL COMMENT '添加时间',
  `ReceiveTime` datetime DEFAULT NULL COMMENT '回传时间',
  `TypeId` int(11) NOT NULL COMMENT '支付的类型',
  `MyType` int(11) NOT NULL COMMENT '系统类型',
  `Title` varchar(50) DEFAULT NULL COMMENT '订单标题',
  `OutTradeNo` varchar(100) CHARACTER SET utf8 DEFAULT NULL COMMENT '支付成功流水号'
) ENGINE=InnoDB DEFAULT CHARSET=utf8mb4 COMMENT='在线支付订单' ROW_FORMAT=DYNAMIC;

-- --------------------------------------------------------

--
-- 表的结构 `Order`
--

CREATE TABLE `Order` (
  `Id` int(11) NOT NULL COMMENT '编号',
  `OrderNum` varchar(50) DEFAULT NULL COMMENT '订单号',
  `UId` int(11) NOT NULL COMMENT '用户ID',
  `UserName` varchar(50) DEFAULT NULL COMMENT '下单用户名',
  `ShopId` int(11) NOT NULL COMMENT '商户ID',
  `Credit` int(11) NOT NULL COMMENT '积分',
  `TotalQty` int(11) NOT NULL COMMENT '总数量',
  `TotalPrice` decimal(10,0) NOT NULL COMMENT '总价格',
  `Discount` decimal(10,0) NOT NULL COMMENT '折扣',
  `Fare` decimal(10,0) NOT NULL COMMENT '运费',
  `TotalTax` decimal(10,0) NOT NULL COMMENT '税',
  `TotalPay` decimal(10,0) NOT NULL COMMENT '总支付价格',
  `BackCredits` int(11) NOT NULL COMMENT '返现积分',
  `RealName` varchar(50) DEFAULT NULL COMMENT '姓名',
  `Country` varchar(50) DEFAULT NULL COMMENT '国家',
  `Province` varchar(50) DEFAULT NULL COMMENT '省份',
  `City` varchar(50) DEFAULT NULL COMMENT '城市',
  `District` varchar(50) DEFAULT NULL COMMENT '区',
  `Address` varchar(250) DEFAULT NULL COMMENT '详细地址',
  `PostCode` varchar(20) DEFAULT NULL COMMENT '邮编',
  `Tel` varchar(20) DEFAULT NULL COMMENT '手机',
  `Mobile` varchar(20) DEFAULT NULL COMMENT '手机',
  `Email` varchar(100) DEFAULT NULL COMMENT '邮箱',
  `Notes` varchar(250) DEFAULT NULL COMMENT '备注',
  `AdminNotes` varchar(250) DEFAULT NULL COMMENT '管理员备注',
  `Pic` text COMMENT '图片',
  `DeliverId` int(11) NOT NULL COMMENT '配送方式ID',
  `DeliverType` varchar(50) DEFAULT NULL COMMENT '配送方式名称',
  `DeliverNO` varchar(50) DEFAULT NULL COMMENT '运单号',
  `DeliverNotes` varchar(250) DEFAULT NULL COMMENT '配送备注',
  `PayId` int(11) NOT NULL COMMENT '支付方式ID',
  `PayType` varchar(50) DEFAULT NULL COMMENT '付款方式',
  `PayTypeNotes` varchar(250) DEFAULT NULL COMMENT '支付备注',
  `OrderStatus` varchar(50) DEFAULT NULL COMMENT '订单状态：未确认、已确认、已完成、已取消',
  `PaymentStatus` varchar(50) DEFAULT NULL COMMENT '支付状态：未支付、已支付、已退款',
  `DeliverStatus` varchar(50) DEFAULT NULL COMMENT '配送状态：未配送、配货中、已配送、已收到、退货中、已退货',
  `AddTime` datetime DEFAULT NULL COMMENT '添加时间',
  `IP` varchar(20) DEFAULT NULL COMMENT '下单IP',
  `IsInvoice` int(11) NOT NULL COMMENT '是否需要发票',
  `InvoiceCompanyName` varchar(50) DEFAULT NULL COMMENT '抬头',
  `InvoiceCompanyID` varchar(100) DEFAULT NULL COMMENT '纳税人识别号',
  `InvoiceType` varchar(50) DEFAULT NULL COMMENT '发票内容',
  `InvoiceNote` varchar(250) DEFAULT NULL COMMENT '发票备注',
  `IsRead` int(11) NOT NULL COMMENT '是否未读',
  `IsEnd` int(11) NOT NULL COMMENT '是否结束',
  `EndTime` datetime DEFAULT NULL COMMENT '结束时间',
  `IsOk` int(11) NOT NULL COMMENT '订单是否顺利完成',
  `IsComment` int(11) NOT NULL COMMENT '订单已经评论',
  `Flag1` varchar(200) DEFAULT NULL COMMENT '预留字段1',
  `Flag2` varchar(200) DEFAULT NULL COMMENT '预留字段2',
  `Flag3` varchar(200) DEFAULT NULL COMMENT '预留字段3',
  `Title` varchar(200) DEFAULT NULL COMMENT '订单名称',
  `LastModTime` datetime DEFAULT NULL COMMENT '最后操作时间',
  `OrderType` int(11) NOT NULL COMMENT '订单类型，0为商品订单',
  `MyType` int(11) NOT NULL COMMENT '系统类型',
  `OutTradeNo` varchar(100) CHARACTER SET utf8 DEFAULT NULL COMMENT '支付成功流水号'
) ENGINE=InnoDB DEFAULT CHARSET=utf8mb4 COMMENT='订单' ROW_FORMAT=DYNAMIC;

-- --------------------------------------------------------

--
-- 表的结构 `OrderDetail`
--

CREATE TABLE `OrderDetail` (
  `Id` int(11) NOT NULL COMMENT '编号',
  `OrderId` int(11) NOT NULL COMMENT '订单ID',
  `OrderNum` varchar(50) DEFAULT NULL COMMENT '订单号',
  `ShopId` int(11) NOT NULL COMMENT '商户ID',
  `UId` int(11) NOT NULL COMMENT '用户ID',
  `PId` int(11) NOT NULL COMMENT '商品ID',
  `TypeId` int(11) NOT NULL COMMENT '类型ID',
  `PriceId` int(11) NOT NULL COMMENT '价格ID',
  `Title` varchar(250) DEFAULT NULL COMMENT '商品名称',
  `Pic` varchar(250) DEFAULT NULL COMMENT '商品名称',
  `Attr` varchar(250) DEFAULT NULL COMMENT '商品属性',
  `Color` varchar(50) DEFAULT NULL COMMENT '商品颜色',
  `Spec` varchar(50) DEFAULT NULL COMMENT '规格',
  `ItemNO` varchar(50) DEFAULT NULL COMMENT '编号',
  `Qty` int(11) NOT NULL COMMENT '数量',
  `Price` decimal(10,0) NOT NULL COMMENT '商品价格',
  `MarketPrice` decimal(10,0) NOT NULL COMMENT '商品市场价格',
  `SpecialPrice` decimal(10,0) NOT NULL COMMENT '商品特价',
  `Discount` decimal(10,0) NOT NULL COMMENT '商品优惠',
  `Tax` decimal(10,0) NOT NULL COMMENT '商品税',
  `Credit` int(11) NOT NULL COMMENT '积分',
  `BackCredits` int(11) NOT NULL COMMENT '返现积分',
  `IsOK` int(11) NOT NULL COMMENT '是否完成',
  `IsComment` int(11) NOT NULL COMMENT '是否已经评论',
  `AddTime` datetime DEFAULT NULL COMMENT '添加时间',
  `CheckInDate` datetime DEFAULT NULL COMMENT '入住日期',
  `LeaveDate` datetime DEFAULT NULL COMMENT '离开日期',
  `MyType` int(11) NOT NULL COMMENT '系统类型'
) ENGINE=InnoDB DEFAULT CHARSET=utf8mb4 COMMENT='订单详情' ROW_FORMAT=DYNAMIC;

-- --------------------------------------------------------

--
-- 表的结构 `OrderLog`
--

CREATE TABLE `OrderLog` (
  `Id` int(11) NOT NULL COMMENT '编号',
  `OrderId` int(11) NOT NULL COMMENT '订单ID',
  `OrderNum` varchar(50) DEFAULT NULL COMMENT '订单号',
  `Actions` varchar(200) DEFAULT NULL COMMENT '日志记录',
  `UId` int(11) NOT NULL COMMENT '用户ID',
  `AddTime` datetime DEFAULT NULL COMMENT '添加时间'
) ENGINE=InnoDB DEFAULT CHARSET=utf8mb4 COMMENT='订单日志' ROW_FORMAT=DYNAMIC;

-- --------------------------------------------------------

--
-- 表的结构 `OtherConfig`
--

CREATE TABLE `OtherConfig` (
  `Id` int(11) NOT NULL COMMENT '编号',
  `ConfigName` varchar(50) DEFAULT NULL COMMENT '配置名称',
  `ConfigValue` text COMMENT '配置值 JSON',
  `LastUpdateTime` datetime DEFAULT NULL COMMENT '最后更新时间'
) ENGINE=InnoDB DEFAULT CHARSET=utf8mb4 COMMENT='其他配置' ROW_FORMAT=DYNAMIC;

--
-- 转存表中的数据 `OtherConfig`
--

INSERT INTO `OtherConfig` (`Id`, `ConfigName`, `ConfigValue`, `LastUpdateTime`) VALUES
(1, 'attach', '{\"SiteId\":0,\"AttachPatch\":\"userfiles\",\"SaveType\":0,\"IsCreateThum\":0,\"ThumQty\":80,\"ThumMaxWidth\":200,\"ThumMaxHeight\":200,\"IsWaterMark\":1,\"WaterMarkType\":0,\"WaterMarkMinWidth\":400,\"WaterMarkMinHeight\":400,\"WaterMarkImg\":\"/userfiles/images/2018/c8ada75b1952188f.jpg\",\"WaterMarkText\":\"\",\"WaterMarkTextColor\":\"#0FF\",\"WaterMarkPlace\":9,\"WaterMarkQty\":80,\"WaterMarkDiaphaneity\":80,\"IsRandomFileName\":1,\"ImgMaxWidth\":1920,\"ImgMaxHeight\":2000}', '2018-05-09 15:32:18'),
(2, 'smtp', '{\"SiteId\":0,\"SmtpEmail\":\"\",\"SmtpHost\":\"\",\"SmtpProt\":\"25\",\"SmtpEmailPwd\":\"\",\"PostUserName\":\"\"}', '2018-04-16 00:55:57');

-- --------------------------------------------------------

--
-- 表的结构 `Product`
--

CREATE TABLE `Product` (
  `Id` int(11) NOT NULL COMMENT '编号',
  `KId` int(11) NOT NULL COMMENT '栏目ID',
  `BId` int(11) NOT NULL COMMENT '品牌ID',
  `ShopId` int(11) NOT NULL COMMENT '店铺ID',
  `CId` int(11) NOT NULL COMMENT '颜色ID',
  `SupportId` int(11) NOT NULL COMMENT '供货商ID',
  `Title` varchar(250) CHARACTER SET utf8 DEFAULT NULL COMMENT '标题',
  `ItemNO` varchar(50) CHARACTER SET utf8 DEFAULT NULL COMMENT '编号',
  `SubTitle` varchar(250) CHARACTER SET utf8 DEFAULT NULL COMMENT '副标题',
  `Unit` varchar(250) CHARACTER SET utf8 DEFAULT NULL COMMENT '商品单位',
  `Spec` varchar(250) CHARACTER SET utf8 DEFAULT NULL COMMENT '商品规格尺寸',
  `Color` varchar(250) CHARACTER SET utf8 DEFAULT NULL COMMENT '颜色',
  `Weight` varchar(50) CHARACTER SET utf8 DEFAULT NULL COMMENT '重量',
  `Price` decimal(10,0) NOT NULL COMMENT '价格',
  `MarketPrice` decimal(10,0) NOT NULL COMMENT '市场价格',
  `SpecialPrice` decimal(10,0) NOT NULL COMMENT '特价，如有特价，以特价为准',
  `Fare` decimal(10,0) NOT NULL COMMENT '运费',
  `Discount` decimal(10,0) NOT NULL COMMENT '折扣',
  `Material` varchar(250) CHARACTER SET utf8 DEFAULT NULL COMMENT '材料',
  `Front` varchar(250) CHARACTER SET utf8 DEFAULT NULL COMMENT '封面',
  `Credits` int(11) NOT NULL COMMENT '积分',
  `Stock` int(11) NOT NULL COMMENT '库存',
  `WarnStock` int(11) NOT NULL COMMENT '警告库存',
  `IsSubProduct` int(11) NOT NULL COMMENT '是否为子商品',
  `PPId` int(11) NOT NULL COMMENT '父商品ID。如果为子商品，则需要填写父商品ID。实现多颜色功能',
  `Content` text COMMENT '内容',
  `Parameters` text COMMENT '商品参数',
  `Keyword` varchar(250) CHARACTER SET utf8 DEFAULT NULL COMMENT '描述',
  `Description` varchar(250) CHARACTER SET utf8 DEFAULT NULL COMMENT '介绍',
  `LinkURL` varchar(250) CHARACTER SET utf8 DEFAULT NULL COMMENT '跳转链接',
  `TitleColor` varchar(50) CHARACTER SET utf8 DEFAULT NULL COMMENT '类别名称颜色',
  `TemplateFile` varchar(250) CHARACTER SET utf8 DEFAULT NULL COMMENT '模板',
  `IsRecommend` int(11) NOT NULL COMMENT '是否推荐',
  `IsHide` int(11) NOT NULL COMMENT '是否隐藏',
  `IsLock` int(11) NOT NULL COMMENT '是否锁定，不允许删除',
  `IsDel` int(11) NOT NULL COMMENT '是否删除,已经删除到回收站',
  `IsTop` int(11) NOT NULL COMMENT '是否置顶',
  `IsBest` int(11) NOT NULL COMMENT '是否精华',
  `IsComment` int(11) NOT NULL COMMENT '是否允许评论',
  `IsMember` int(11) NOT NULL COMMENT '是否会员栏目',
  `IsNew` int(11) NOT NULL COMMENT '是否新品',
  `IsSpecial` int(11) NOT NULL COMMENT '是否特价',
  `IsPromote` int(11) NOT NULL COMMENT '是否促销',
  `IsHotSales` int(11) NOT NULL COMMENT '是否热销',
  `IsBreakup` int(11) NOT NULL COMMENT '是否缺货',
  `IsShelves` int(11) NOT NULL COMMENT '是否下架',
  `IsVerify` int(11) NOT NULL COMMENT '是否审核，1为已经审核前台显示',
  `Hits` int(11) NOT NULL COMMENT '点击数量',
  `IsGift` int(11) NOT NULL COMMENT '是否为礼品商品',
  `IsPart` int(11) NOT NULL COMMENT '是否为配件',
  `Sequence` int(11) NOT NULL COMMENT '排序',
  `CommentCount` int(11) NOT NULL COMMENT '评论数量',
  `Icon` varchar(100) CHARACTER SET utf8 DEFAULT NULL COMMENT '图标',
  `ClassName` varchar(50) CHARACTER SET utf8 DEFAULT NULL COMMENT '样式名称',
  `BannerImg` varchar(250) CHARACTER SET utf8 DEFAULT NULL COMMENT 'banner图片',
  `Pic` varchar(250) CHARACTER SET utf8 DEFAULT NULL COMMENT '图片',
  `AdsId` int(11) NOT NULL COMMENT '广告ID',
  `Tags` varchar(250) CHARACTER SET utf8 DEFAULT NULL COMMENT 'TAG',
  `ItemImg` text COMMENT '更多图片',
  `Service` text COMMENT '售后服务',
  `AuthorId` int(11) NOT NULL COMMENT '添加管理员ID',
  `AddTime` datetime DEFAULT NULL COMMENT '添加时间',
  `UpdateTime` datetime DEFAULT NULL COMMENT '时间',
  `Location` varchar(100) CHARACTER SET utf8 DEFAULT NULL COMMENT '路径',
  `FilePath` varchar(100) CHARACTER SET utf8 DEFAULT NULL COMMENT '存放目录'
) ENGINE=InnoDB DEFAULT CHARSET=utf8mb4 COMMENT='商品' ROW_FORMAT=DYNAMIC;

--
-- 转存表中的数据 `Product`
--

INSERT INTO `Product` (`Id`, `KId`, `BId`, `ShopId`, `CId`, `SupportId`, `Title`, `ItemNO`, `SubTitle`, `Unit`, `Spec`, `Color`, `Weight`, `Price`, `MarketPrice`, `SpecialPrice`, `Fare`, `Discount`, `Material`, `Front`, `Credits`, `Stock`, `WarnStock`, `IsSubProduct`, `PPId`, `Content`, `Parameters`, `Keyword`, `Description`, `LinkURL`, `TitleColor`, `TemplateFile`, `IsRecommend`, `IsHide`, `IsLock`, `IsDel`, `IsTop`, `IsBest`, `IsComment`, `IsMember`, `IsNew`, `IsSpecial`, `IsPromote`, `IsHotSales`, `IsBreakup`, `IsShelves`, `IsVerify`, `Hits`, `IsGift`, `IsPart`, `Sequence`, `CommentCount`, `Icon`, `ClassName`, `BannerImg`, `Pic`, `AdsId`, `Tags`, `ItemImg`, `Service`, `AuthorId`, `AddTime`, `UpdateTime`, `Location`, `FilePath`) VALUES
(1, 1, 0, 0, 0, 0, 'CMS系统', NULL, NULL, NULL, NULL, NULL, NULL, '5000', '6000', '0', '0', '0', NULL, NULL, 0, 0, 0, 0, 0, '<p>CMS系统</p>\n\n<p>CMS系统</p>\n\n<p>CMS系统</p>\n\n<p>CMS系统</p>\n', NULL, NULL, NULL, NULL, NULL, NULL, 0, 0, 0, 0, 0, 0, 0, 0, 0, 0, 0, 0, 0, 0, 0, 5, 0, 0, 999, 0, NULL, NULL, NULL, '/images/default/slide-4.jpg', 0, NULL, '', NULL, 1, '2018-12-02 17:17:53', NULL, NULL, NULL),
(2, 2, 0, 0, 0, 0, 'PC+手机商城系统', NULL, NULL, NULL, NULL, NULL, NULL, '18000', '0', '0', '0', '0', NULL, NULL, 0, 0, 0, 0, 0, '<p>PC+手机商城系统</p>\n', NULL, NULL, NULL, NULL, NULL, NULL, 0, 0, 0, 0, 0, 0, 0, 0, 0, 0, 0, 0, 0, 0, 0, 0, 0, 0, 999, 0, NULL, NULL, NULL, '/images/default/slide-5.jpg', 0, NULL, '', NULL, 1, '2018-12-02 17:21:43', NULL, NULL, NULL),
(3, 2, 0, 0, 0, 0, '微商城Shop系统', NULL, NULL, NULL, NULL, NULL, NULL, '25000', '0', '0', '0', '0', NULL, NULL, 0, 0, 0, 0, 0, '<p>微商城Shop系统</p>\n', NULL, NULL, NULL, NULL, NULL, NULL, 0, 0, 0, 0, 0, 0, 0, 0, 0, 0, 0, 0, 0, 0, 0, 2, 0, 0, 999, 0, NULL, NULL, NULL, '/images/default/slide-3.jpg', 0, NULL, '', NULL, 1, '2018-12-02 17:22:19', NULL, NULL, NULL),
(4, 3, 0, 0, 0, 0, '小程序商城系统', NULL, NULL, NULL, NULL, NULL, NULL, '18000', '0', '0', '0', '0', NULL, NULL, 0, 0, 0, 0, 0, '<p>小程序商城系统</p>\n', NULL, NULL, NULL, NULL, NULL, NULL, 0, 0, 0, 0, 0, 0, 0, 0, 0, 0, 0, 0, 0, 0, 0, 2, 0, 0, 999, 0, NULL, NULL, NULL, '/images/default/slide-2.jpg', 0, NULL, '', NULL, 1, '2018-12-02 17:23:02', NULL, NULL, NULL),
(5, 1, 0, 0, 0, 0, '博客系统', NULL, NULL, NULL, NULL, NULL, NULL, '10000', '0', '0', '0', '0', NULL, NULL, 0, 0, 0, 0, 0, '<p>博客系统</p>\n', NULL, NULL, NULL, NULL, NULL, NULL, 0, 0, 0, 0, 0, 0, 0, 0, 0, 0, 0, 0, 0, 0, 0, 4, 0, 0, 999, 0, NULL, NULL, NULL, '/images/default/slide-1.jpg', 0, NULL, '', NULL, 1, '2018-12-02 17:49:43', NULL, NULL, NULL);

-- --------------------------------------------------------

--
-- 表的结构 `RebateChangeLog`
--

CREATE TABLE `RebateChangeLog` (
  `Id` int(11) NOT NULL COMMENT '编号',
  `UId` int(11) NOT NULL COMMENT '用户ID',
  `AdminId` int(11) NOT NULL COMMENT '管理员ID',
  `UserName` varchar(200) DEFAULT NULL COMMENT '用户名',
  `AddTime` datetime DEFAULT NULL COMMENT '时间',
  `IP` varchar(20) DEFAULT NULL COMMENT '登录IP',
  `Actions` varchar(100) DEFAULT NULL COMMENT '记录',
  `Reward` decimal(10,0) NOT NULL COMMENT '返现、扣除金额',
  `BeforChange` decimal(10,0) NOT NULL COMMENT '变化前',
  `AfterChange` decimal(10,0) NOT NULL COMMENT '变化后',
  `LogDetails` varchar(250) DEFAULT NULL COMMENT '详细记录',
  `TypeId` int(11) NOT NULL COMMENT '类型 0 充值 1 购买 2 赠送 3 退款 4 分销提成',
  `MyType` int(11) NOT NULL COMMENT '消费类型，见MyType',
  `OrderId` int(11) NOT NULL COMMENT '订单ID',
  `OrderNum` varchar(50) DEFAULT NULL COMMENT '订单号'
) ENGINE=InnoDB DEFAULT CHARSET=utf8mb4 COMMENT='用户返现余额变化记录' ROW_FORMAT=DYNAMIC;

-- --------------------------------------------------------

--
-- 表的结构 `Shop`
--

CREATE TABLE `Shop` (
  `Id` int(11) NOT NULL COMMENT '编号',
  `ShopName` varchar(200) DEFAULT NULL COMMENT '店铺名称',
  `KId` int(11) NOT NULL COMMENT '商家分类ID',
  `AId` int(11) NOT NULL COMMENT '地区ID',
  `Sequence` int(11) NOT NULL COMMENT '排序',
  `Latitude` decimal(10,0) NOT NULL COMMENT '纬度',
  `Longitude` decimal(10,0) NOT NULL COMMENT '经度',
  `Country` varchar(50) DEFAULT NULL COMMENT '国家',
  `Province` varchar(50) DEFAULT NULL COMMENT '省',
  `City` varchar(50) DEFAULT NULL COMMENT '市',
  `District` varchar(50) DEFAULT NULL COMMENT '区',
  `Address` varchar(250) DEFAULT NULL COMMENT '详细地址',
  `Postcode` varchar(20) DEFAULT NULL COMMENT '邮政编码',
  `IsDel` int(11) NOT NULL COMMENT '是否删除',
  `IsHide` int(11) NOT NULL COMMENT '是否隐藏',
  `IsDisabled` int(11) NOT NULL COMMENT '是否禁用',
  `Content` text COMMENT '店铺介绍',
  `Keyword` varchar(250) DEFAULT NULL COMMENT '关键字',
  `Description` varchar(250) DEFAULT NULL COMMENT '描述',
  `BannerImg` varchar(250) DEFAULT NULL COMMENT 'banner图片',
  `Balance` decimal(10,0) NOT NULL COMMENT '余额',
  `IsTop` int(11) NOT NULL COMMENT '是否置顶',
  `IsVip` int(11) NOT NULL COMMENT '是否vip',
  `IsRecommend` int(11) NOT NULL COMMENT '是否推荐',
  `Likes` int(11) NOT NULL COMMENT '点赞数',
  `AvgScore` decimal(10,0) NOT NULL COMMENT '平均分数',
  `ServiceScore` decimal(10,0) NOT NULL COMMENT '服务分数',
  `SpeedScore` decimal(10,0) NOT NULL COMMENT '速度分数',
  `EnvironmentScore` decimal(10,0) NOT NULL COMMENT '环境分数',
  `Pic` varchar(250) DEFAULT NULL COMMENT '图片',
  `MorePics` text COMMENT '店铺所有图片',
  `Email` varchar(100) DEFAULT NULL COMMENT '邮箱',
  `Tel` varchar(50) DEFAULT NULL COMMENT '电话',
  `Phone` varchar(50) DEFAULT NULL COMMENT '固定电话',
  `QQ` varchar(20) DEFAULT NULL COMMENT 'QQ',
  `Skype` varchar(100) DEFAULT NULL COMMENT 'Skype',
  `HomePage` varchar(250) DEFAULT NULL COMMENT '主页',
  `Weixin` varchar(50) DEFAULT NULL COMMENT '微信',
  `IsShip` int(11) NOT NULL COMMENT '是否配送',
  `OpenTime` datetime DEFAULT NULL COMMENT '开店时间',
  `CloseTime` datetime DEFAULT NULL COMMENT '关店时间',
  `ShippingStartTime` datetime DEFAULT NULL COMMENT '配送开始时间',
  `ShippingEndTime` datetime DEFAULT NULL COMMENT '配送结束时间',
  `AddTime` datetime DEFAULT NULL COMMENT '添加时间',
  `Hits` int(11) NOT NULL COMMENT '点击量',
  `MyType` int(11) NOT NULL COMMENT '店铺类型',
  `DefaultFare` decimal(10,0) NOT NULL COMMENT '默认运费',
  `MaxFreeFare` decimal(10,0) NOT NULL COMMENT '最大免运费金额'
) ENGINE=InnoDB DEFAULT CHARSET=utf8mb4 COMMENT='商家' ROW_FORMAT=DYNAMIC;

-- --------------------------------------------------------

--
-- 表的结构 `ShopCategory`
--

CREATE TABLE `ShopCategory` (
  `Id` int(11) NOT NULL COMMENT '编号',
  `KindName` varchar(250) DEFAULT NULL COMMENT '栏目名称',
  `SubTitle` varchar(250) DEFAULT NULL COMMENT '栏目副标题',
  `KindTitle` varchar(250) DEFAULT NULL COMMENT '栏目标题，填写则在浏览器替换此标题',
  `Keyword` varchar(250) DEFAULT NULL COMMENT '描述',
  `Description` varchar(250) DEFAULT NULL COMMENT '介绍',
  `LinkURL` varchar(250) DEFAULT NULL COMMENT '跳转链接',
  `TitleColor` varchar(50) DEFAULT NULL COMMENT '类别名称颜色',
  `TemplateFile` varchar(250) DEFAULT NULL COMMENT '模板',
  `DetailTemplateFile` varchar(250) DEFAULT NULL COMMENT '详情模板',
  `KindDomain` varchar(250) DEFAULT NULL COMMENT '类别域名（保留）',
  `IsList` int(11) NOT NULL COMMENT '是否为列表页面',
  `PageSize` int(11) NOT NULL COMMENT '每页显示数量',
  `PId` int(11) NOT NULL COMMENT '上级ID',
  `Level` int(11) NOT NULL COMMENT '级别',
  `Location` varchar(100) DEFAULT NULL COMMENT '路径',
  `IsHide` int(11) NOT NULL COMMENT '是否隐藏',
  `IsLock` int(11) NOT NULL COMMENT '是否锁定，不允许删除',
  `IsDel` int(11) NOT NULL COMMENT '是否删除,已经删除到回收站',
  `IsComment` int(11) NOT NULL COMMENT '是否允许评论',
  `IsMember` int(11) NOT NULL COMMENT '是否会员栏目',
  `IsShowSubDetail` int(11) NOT NULL COMMENT '是否显示下级栏目内容',
  `CatalogId` int(11) NOT NULL COMMENT '模型ID',
  `Counts` int(11) NOT NULL COMMENT '详情数量，缓存',
  `Rank` int(11) NOT NULL COMMENT '排序',
  `Icon` varchar(100) DEFAULT NULL COMMENT '图标',
  `ClassName` varchar(50) DEFAULT NULL COMMENT '样式名称',
  `BannerImg` varchar(250) DEFAULT NULL COMMENT 'banner图片',
  `KindInfo` text COMMENT '栏目详细介绍',
  `Pic` varchar(250) DEFAULT NULL COMMENT '图片',
  `AdsId` int(11) NOT NULL COMMENT '广告ID'
) ENGINE=InnoDB DEFAULT CHARSET=utf8mb4 COMMENT='商家分类' ROW_FORMAT=DYNAMIC;

-- --------------------------------------------------------

--
-- 表的结构 `ShoppingCart`
--

CREATE TABLE `ShoppingCart` (
  `Id` int(11) NOT NULL COMMENT '编号',
  `UId` int(11) NOT NULL COMMENT '用户ID',
  `GUID` varchar(50) DEFAULT NULL COMMENT '唯一GUID，没登录用户使用',
  `Details` text COMMENT '购物车内容，JOSN',
  `AddTime` datetime DEFAULT NULL COMMENT '加入购物车时间',
  `UpdateTime` datetime DEFAULT NULL COMMENT '最后更新时间'
) ENGINE=InnoDB DEFAULT CHARSET=utf8mb4 COMMENT='购物车' ROW_FORMAT=DYNAMIC;

-- --------------------------------------------------------

--
-- 表的结构 `TargetEvent`
--

CREATE TABLE `TargetEvent` (
  `Id` int(11) NOT NULL COMMENT '编号',
  `EventKey` varchar(50) DEFAULT NULL COMMENT '事件key',
  `EventName` varchar(50) DEFAULT NULL COMMENT '事件名称',
  `IsDisable` int(11) NOT NULL COMMENT '是否禁用',
  `Rank` int(11) NOT NULL COMMENT '排序'
) ENGINE=InnoDB DEFAULT CHARSET=utf8mb4 COMMENT='目标事件' ROW_FORMAT=DYNAMIC;

--
-- 转存表中的数据 `TargetEvent`
--

INSERT INTO `TargetEvent` (`Id`, `EventKey`, `EventName`, `IsDisable`, `Rank`) VALUES
(1, 'add', '添加', 0, 0),
(2, 'edit', '修改', 0, 0),
(3, 'del', '删除', 0, 0),
(4, 'view', '查看', 0, 0),
(5, 'viewlist', '查看列表', 0, 0),
(6, 'import', '导入', 0, 0),
(7, 'export', '导出', 0, 0),
(8, 'filter', '搜索', 0, 0),
(9, 'batch', '批量操作', 0, 0),
(10, 'recycle', '回收站', 0, 0),
(11, 'confirm', '确认', 0, 0);

-- --------------------------------------------------------

--
-- 表的结构 `WeixinRequestContent`
--

CREATE TABLE `WeixinRequestContent` (
  `Id` int(11) NOT NULL COMMENT '编号',
  `RuleId` int(11) NOT NULL COMMENT '规则名称',
  `Title` varchar(250) CHARACTER SET utf8 DEFAULT NULL COMMENT '回复标题',
  `Content` longtext COMMENT '回复内容',
  `LinkUrl` varchar(250) CHARACTER SET utf8 DEFAULT NULL COMMENT '详情链接地址',
  `ImgURL` varchar(250) CHARACTER SET utf8 DEFAULT NULL COMMENT '图片地址',
  `MediaURL` varchar(250) CHARACTER SET utf8 DEFAULT NULL COMMENT '语音或视频地址',
  `MeidaHdURL` varchar(250) CHARACTER SET utf8 DEFAULT NULL COMMENT '高清语音或者视频地址',
  `MediaID` varchar(100) CHARACTER SET utf8 DEFAULT NULL COMMENT '返回的素材ID',
  `WXAppAppId` varchar(100) CHARACTER SET utf8 DEFAULT NULL COMMENT '小程序APPId',
  `WXAppPage` varchar(100) CHARACTER SET utf8 DEFAULT NULL COMMENT '小程序页面',
  `Rank` int(11) NOT NULL COMMENT '排序',
  `AddTime` datetime DEFAULT NULL COMMENT '添加时间',
  `UpdateTime` datetime DEFAULT NULL COMMENT '修改时间'
) ENGINE=InnoDB DEFAULT CHARSET=utf8mb4 COMMENT='请求回复的内容';

--
-- 转存表中的数据 `WeixinRequestContent`
--

INSERT INTO `WeixinRequestContent` (`Id`, `RuleId`, `Title`, `Content`, `LinkUrl`, `ImgURL`, `MediaURL`, `MeidaHdURL`, `MediaID`, `WXAppAppId`, `WXAppPage`, `Rank`, `AddTime`, `UpdateTime`) VALUES
(1, 1, NULL, '关注公众号自动回复文本', NULL, NULL, NULL, NULL, NULL, NULL, NULL, 0, NULL, NULL);

-- --------------------------------------------------------

--
-- 表的结构 `WeixinRequestRule`
--

CREATE TABLE `WeixinRequestRule` (
  `Id` int(11) NOT NULL COMMENT '编号',
  `RuleName` varchar(50) CHARACTER SET utf8 DEFAULT NULL COMMENT '规则名称',
  `Keywords` varchar(200) CHARACTER SET utf8 DEFAULT NULL COMMENT '请求关键词,逗号分隔',
  `RequestType` int(11) NOT NULL COMMENT '请求类型(0默认回复1文字2图片3语音4链接5地理位置6关注7取消关注8扫描带参数二维码事件9上报地理位置事件10自定义菜单事件）',
  `ResponseType` int(11) NOT NULL COMMENT '回复类型(1文本2图文3语音4视频5第三方接口)',
  `IsLikeQuery` int(11) NOT NULL COMMENT '是否模糊查询 0 是完全匹配；1是模糊匹配',
  `IsDefault` int(11) NOT NULL COMMENT '是否是默认回复',
  `Rank` int(11) NOT NULL COMMENT '排序',
  `AddTime` datetime DEFAULT NULL COMMENT '添加时间',
  `UpdateTime` datetime DEFAULT NULL COMMENT '修改时间'
) ENGINE=InnoDB DEFAULT CHARSET=utf8mb4 COMMENT='微信公众号回复规则';

--
-- 转存表中的数据 `WeixinRequestRule`
--

INSERT INTO `WeixinRequestRule` (`Id`, `RuleName`, `Keywords`, `RequestType`, `ResponseType`, `IsLikeQuery`, `IsDefault`, `Rank`, `AddTime`, `UpdateTime`) VALUES
(1, '关注自动回复', NULL, 6, 0, 0, 1, 0, NULL, '2020-03-19 16:43:23');

-- --------------------------------------------------------

--
-- 表的结构 `WeixinResponseContent`
--

CREATE TABLE `WeixinResponseContent` (
  `Id` int(11) NOT NULL COMMENT '编号',
  `OpenId` varchar(50) CHARACTER SET utf8 DEFAULT NULL COMMENT '用户OpenId',
  `RequestType` varchar(50) CHARACTER SET utf8 DEFAULT NULL COMMENT '请求类型',
  `RequestContent` longtext COMMENT '内容',
  `ResponseType` varchar(50) CHARACTER SET utf8 DEFAULT NULL COMMENT '回复的类型 文本消息：text 图片消息:image 地理位置消息:location 链接消息:link',
  `ReponseContent` longtext COMMENT '系统回复的内容',
  `XmlContent` longtext COMMENT 'xml原始内容',
  `UpdateTime` datetime DEFAULT NULL COMMENT '修改时间'
) ENGINE=InnoDB DEFAULT CHARSET=utf8mb4 COMMENT='公众平台回复信息';

-- --------------------------------------------------------

--
-- 表的结构 `WithdrawOrder`
--

CREATE TABLE `WithdrawOrder` (
  `Id` int(11) NOT NULL COMMENT '编号',
  `UId` int(11) NOT NULL COMMENT '用户ID',
  `OrderNum` varchar(50) DEFAULT NULL COMMENT '订单号',
  `UserName` varchar(200) DEFAULT NULL COMMENT '用户名',
  `Title` varchar(100) DEFAULT NULL COMMENT '订单名称',
  `AddTime` datetime DEFAULT NULL COMMENT '时间',
  `IP` varchar(20) DEFAULT NULL COMMENT '登录IP',
  `Actions` varchar(250) DEFAULT NULL COMMENT '记录详情',
  `Price` decimal(10,0) NOT NULL COMMENT '提现金额',
  `VerifyAdminId` int(11) NOT NULL COMMENT '审核管理员ID',
  `IsVerify` int(11) NOT NULL COMMENT '是否通过审核',
  `VerifyTime` datetime DEFAULT NULL COMMENT '审核时间',
  `FormId` varchar(50) DEFAULT NULL COMMENT '小程序FormId'
) ENGINE=InnoDB DEFAULT CHARSET=utf8mb4 COMMENT='用户提现订单' ROW_FORMAT=DYNAMIC;

-- --------------------------------------------------------

--
-- 表的结构 `WXAppSession`
--

CREATE TABLE `WXAppSession` (
  `Id` int(11) NOT NULL COMMENT '编号',
  `UId` int(11) NOT NULL COMMENT '用户ID',
  `IP` varchar(20) DEFAULT NULL COMMENT '登录IP',
  `Key` varchar(50) DEFAULT NULL COMMENT '系统生成Key',
  `SessionKey` varchar(50) DEFAULT NULL COMMENT '微信SessionKey',
  `OpenId` varchar(50) DEFAULT NULL COMMENT '微信小程序OpenId',
  `AddTime` datetime DEFAULT NULL COMMENT '添加时间'
) ENGINE=InnoDB DEFAULT CHARSET=utf8mb4 COMMENT='小程序Session' ROW_FORMAT=DYNAMIC;

--
-- 转储表的索引
--

--
-- 表的索引 `Admin`
--
ALTER TABLE `Admin`
  ADD PRIMARY KEY (`Id`) USING BTREE;

--
-- 表的索引 `AdminLog`
--
ALTER TABLE `AdminLog`
  ADD PRIMARY KEY (`Id`) USING BTREE;

--
-- 表的索引 `AdminMenu`
--
ALTER TABLE `AdminMenu`
  ADD PRIMARY KEY (`Id`) USING BTREE;

--
-- 表的索引 `AdminMenuEvent`
--
ALTER TABLE `AdminMenuEvent`
  ADD PRIMARY KEY (`Id`) USING BTREE;

--
-- 表的索引 `AdminRoles`
--
ALTER TABLE `AdminRoles`
  ADD PRIMARY KEY (`Id`) USING BTREE;

--
-- 表的索引 `Ads`
--
ALTER TABLE `Ads`
  ADD PRIMARY KEY (`Id`) USING BTREE;

--
-- 表的索引 `AdsKind`
--
ALTER TABLE `AdsKind`
  ADD PRIMARY KEY (`Id`) USING BTREE;

--
-- 表的索引 `Article`
--
ALTER TABLE `Article`
  ADD PRIMARY KEY (`Id`) USING BTREE;

--
-- 表的索引 `ArticleCategory`
--
ALTER TABLE `ArticleCategory`
  ADD PRIMARY KEY (`Id`) USING BTREE;

--
-- 表的索引 `BalanceChangeLog`
--
ALTER TABLE `BalanceChangeLog`
  ADD PRIMARY KEY (`Id`) USING BTREE;

--
-- 表的索引 `Category`
--
ALTER TABLE `Category`
  ADD PRIMARY KEY (`Id`) USING BTREE;

--
-- 表的索引 `Config`
--
ALTER TABLE `Config`
  ADD PRIMARY KEY (`Id`) USING BTREE;

--
-- 表的索引 `Coupon`
--
ALTER TABLE `Coupon`
  ADD PRIMARY KEY (`Id`) USING BTREE;

--
-- 表的索引 `CouponKind`
--
ALTER TABLE `CouponKind`
  ADD PRIMARY KEY (`Id`) USING BTREE;

--
-- 表的索引 `CouponUseLog`
--
ALTER TABLE `CouponUseLog`
  ADD PRIMARY KEY (`Id`) USING BTREE;

--
-- 表的索引 `Food`
--
ALTER TABLE `Food`
  ADD PRIMARY KEY (`Id`) USING BTREE;

--
-- 表的索引 `Guestbook`
--
ALTER TABLE `Guestbook`
  ADD PRIMARY KEY (`Id`) USING BTREE;

--
-- 表的索引 `GuestbookCategory`
--
ALTER TABLE `GuestbookCategory`
  ADD PRIMARY KEY (`Id`) USING BTREE;

--
-- 表的索引 `HotelRoom`
--
ALTER TABLE `HotelRoom`
  ADD PRIMARY KEY (`Id`) USING BTREE;

--
-- 表的索引 `Link`
--
ALTER TABLE `Link`
  ADD PRIMARY KEY (`Id`) USING BTREE;

--
-- 表的索引 `LinkKind`
--
ALTER TABLE `LinkKind`
  ADD PRIMARY KEY (`Id`) USING BTREE;

--
-- 表的索引 `Member`
--
ALTER TABLE `Member`
  ADD PRIMARY KEY (`Id`) USING BTREE;

--
-- 表的索引 `MemberAddress`
--
ALTER TABLE `MemberAddress`
  ADD PRIMARY KEY (`Id`) USING BTREE;

--
-- 表的索引 `MemberCoupon`
--
ALTER TABLE `MemberCoupon`
  ADD PRIMARY KEY (`Id`) USING BTREE;

--
-- 表的索引 `MemberLog`
--
ALTER TABLE `MemberLog`
  ADD PRIMARY KEY (`Id`) USING BTREE;

--
-- 表的索引 `MemberRoles`
--
ALTER TABLE `MemberRoles`
  ADD PRIMARY KEY (`Id`) USING BTREE;

--
-- 表的索引 `OnlinePayOrder`
--
ALTER TABLE `OnlinePayOrder`
  ADD PRIMARY KEY (`Id`) USING BTREE;

--
-- 表的索引 `Order`
--
ALTER TABLE `Order`
  ADD PRIMARY KEY (`Id`) USING BTREE;

--
-- 表的索引 `OrderDetail`
--
ALTER TABLE `OrderDetail`
  ADD PRIMARY KEY (`Id`) USING BTREE;

--
-- 表的索引 `OrderLog`
--
ALTER TABLE `OrderLog`
  ADD PRIMARY KEY (`Id`) USING BTREE;

--
-- 表的索引 `OtherConfig`
--
ALTER TABLE `OtherConfig`
  ADD PRIMARY KEY (`Id`) USING BTREE;

--
-- 表的索引 `Product`
--
ALTER TABLE `Product`
  ADD PRIMARY KEY (`Id`) USING BTREE;

--
-- 表的索引 `RebateChangeLog`
--
ALTER TABLE `RebateChangeLog`
  ADD PRIMARY KEY (`Id`) USING BTREE;

--
-- 表的索引 `Shop`
--
ALTER TABLE `Shop`
  ADD PRIMARY KEY (`Id`) USING BTREE;

--
-- 表的索引 `ShopCategory`
--
ALTER TABLE `ShopCategory`
  ADD PRIMARY KEY (`Id`) USING BTREE;

--
-- 表的索引 `ShoppingCart`
--
ALTER TABLE `ShoppingCart`
  ADD PRIMARY KEY (`Id`) USING BTREE;

--
-- 表的索引 `TargetEvent`
--
ALTER TABLE `TargetEvent`
  ADD PRIMARY KEY (`Id`) USING BTREE;

--
-- 表的索引 `WeixinRequestContent`
--
ALTER TABLE `WeixinRequestContent`
  ADD PRIMARY KEY (`Id`);

--
-- 表的索引 `WeixinRequestRule`
--
ALTER TABLE `WeixinRequestRule`
  ADD PRIMARY KEY (`Id`);

--
-- 表的索引 `WeixinResponseContent`
--
ALTER TABLE `WeixinResponseContent`
  ADD PRIMARY KEY (`Id`);

--
-- 表的索引 `WithdrawOrder`
--
ALTER TABLE `WithdrawOrder`
  ADD PRIMARY KEY (`Id`) USING BTREE;

--
-- 表的索引 `WXAppSession`
--
ALTER TABLE `WXAppSession`
  ADD PRIMARY KEY (`Id`) USING BTREE;

--
-- 在导出的表使用AUTO_INCREMENT
--

--
-- 使用表AUTO_INCREMENT `Admin`
--
ALTER TABLE `Admin`
  MODIFY `Id` int(11) NOT NULL AUTO_INCREMENT COMMENT '编号', AUTO_INCREMENT=2;

--
-- 使用表AUTO_INCREMENT `AdminLog`
--
ALTER TABLE `AdminLog`
  MODIFY `Id` int(11) NOT NULL AUTO_INCREMENT COMMENT '编号', AUTO_INCREMENT=238;

--
-- 使用表AUTO_INCREMENT `AdminMenu`
--
ALTER TABLE `AdminMenu`
  MODIFY `Id` int(11) NOT NULL AUTO_INCREMENT COMMENT '编号', AUTO_INCREMENT=39;

--
-- 使用表AUTO_INCREMENT `AdminMenuEvent`
--
ALTER TABLE `AdminMenuEvent`
  MODIFY `Id` int(11) NOT NULL AUTO_INCREMENT COMMENT '编号', AUTO_INCREMENT=194;

--
-- 使用表AUTO_INCREMENT `AdminRoles`
--
ALTER TABLE `AdminRoles`
  MODIFY `Id` int(11) NOT NULL AUTO_INCREMENT COMMENT '编号', AUTO_INCREMENT=2;

--
-- 使用表AUTO_INCREMENT `Ads`
--
ALTER TABLE `Ads`
  MODIFY `Id` int(11) NOT NULL AUTO_INCREMENT COMMENT '编号', AUTO_INCREMENT=3;

--
-- 使用表AUTO_INCREMENT `AdsKind`
--
ALTER TABLE `AdsKind`
  MODIFY `Id` int(11) NOT NULL AUTO_INCREMENT COMMENT '编号', AUTO_INCREMENT=2;

--
-- 使用表AUTO_INCREMENT `Article`
--
ALTER TABLE `Article`
  MODIFY `Id` int(11) NOT NULL AUTO_INCREMENT COMMENT '编号', AUTO_INCREMENT=12;

--
-- 使用表AUTO_INCREMENT `ArticleCategory`
--
ALTER TABLE `ArticleCategory`
  MODIFY `Id` int(11) NOT NULL AUTO_INCREMENT COMMENT '编号', AUTO_INCREMENT=13;

--
-- 使用表AUTO_INCREMENT `BalanceChangeLog`
--
ALTER TABLE `BalanceChangeLog`
  MODIFY `Id` int(11) NOT NULL AUTO_INCREMENT COMMENT '编号';

--
-- 使用表AUTO_INCREMENT `Category`
--
ALTER TABLE `Category`
  MODIFY `Id` int(11) NOT NULL AUTO_INCREMENT COMMENT '编号', AUTO_INCREMENT=4;

--
-- 使用表AUTO_INCREMENT `Config`
--
ALTER TABLE `Config`
  MODIFY `Id` int(11) NOT NULL AUTO_INCREMENT COMMENT '编号', AUTO_INCREMENT=2;

--
-- 使用表AUTO_INCREMENT `Coupon`
--
ALTER TABLE `Coupon`
  MODIFY `Id` int(11) NOT NULL AUTO_INCREMENT COMMENT '编号';

--
-- 使用表AUTO_INCREMENT `CouponKind`
--
ALTER TABLE `CouponKind`
  MODIFY `Id` int(11) NOT NULL AUTO_INCREMENT COMMENT '编号';

--
-- 使用表AUTO_INCREMENT `CouponUseLog`
--
ALTER TABLE `CouponUseLog`
  MODIFY `Id` int(11) NOT NULL AUTO_INCREMENT COMMENT '编号';

--
-- 使用表AUTO_INCREMENT `Food`
--
ALTER TABLE `Food`
  MODIFY `Id` int(11) NOT NULL AUTO_INCREMENT COMMENT '编号';

--
-- 使用表AUTO_INCREMENT `Guestbook`
--
ALTER TABLE `Guestbook`
  MODIFY `Id` int(11) NOT NULL AUTO_INCREMENT COMMENT '编号';

--
-- 使用表AUTO_INCREMENT `GuestbookCategory`
--
ALTER TABLE `GuestbookCategory`
  MODIFY `Id` int(11) NOT NULL AUTO_INCREMENT COMMENT '编号';

--
-- 使用表AUTO_INCREMENT `HotelRoom`
--
ALTER TABLE `HotelRoom`
  MODIFY `Id` int(11) NOT NULL AUTO_INCREMENT COMMENT '编号';

--
-- 使用表AUTO_INCREMENT `Link`
--
ALTER TABLE `Link`
  MODIFY `Id` int(11) NOT NULL AUTO_INCREMENT COMMENT '编号', AUTO_INCREMENT=3;

--
-- 使用表AUTO_INCREMENT `LinkKind`
--
ALTER TABLE `LinkKind`
  MODIFY `Id` int(11) NOT NULL AUTO_INCREMENT COMMENT '编号', AUTO_INCREMENT=2;

--
-- 使用表AUTO_INCREMENT `Member`
--
ALTER TABLE `Member`
  MODIFY `Id` int(11) NOT NULL AUTO_INCREMENT COMMENT '编号';

--
-- 使用表AUTO_INCREMENT `MemberAddress`
--
ALTER TABLE `MemberAddress`
  MODIFY `Id` int(11) NOT NULL AUTO_INCREMENT COMMENT '编号';

--
-- 使用表AUTO_INCREMENT `MemberCoupon`
--
ALTER TABLE `MemberCoupon`
  MODIFY `Id` int(11) NOT NULL AUTO_INCREMENT COMMENT '编号';

--
-- 使用表AUTO_INCREMENT `MemberLog`
--
ALTER TABLE `MemberLog`
  MODIFY `Id` int(11) NOT NULL AUTO_INCREMENT COMMENT '编号';

--
-- 使用表AUTO_INCREMENT `MemberRoles`
--
ALTER TABLE `MemberRoles`
  MODIFY `Id` int(11) NOT NULL AUTO_INCREMENT COMMENT '编号', AUTO_INCREMENT=4;

--
-- 使用表AUTO_INCREMENT `OnlinePayOrder`
--
ALTER TABLE `OnlinePayOrder`
  MODIFY `Id` int(11) NOT NULL AUTO_INCREMENT COMMENT '编号';

--
-- 使用表AUTO_INCREMENT `Order`
--
ALTER TABLE `Order`
  MODIFY `Id` int(11) NOT NULL AUTO_INCREMENT COMMENT '编号';

--
-- 使用表AUTO_INCREMENT `OrderDetail`
--
ALTER TABLE `OrderDetail`
  MODIFY `Id` int(11) NOT NULL AUTO_INCREMENT COMMENT '编号';

--
-- 使用表AUTO_INCREMENT `OrderLog`
--
ALTER TABLE `OrderLog`
  MODIFY `Id` int(11) NOT NULL AUTO_INCREMENT COMMENT '编号';

--
-- 使用表AUTO_INCREMENT `OtherConfig`
--
ALTER TABLE `OtherConfig`
  MODIFY `Id` int(11) NOT NULL AUTO_INCREMENT COMMENT '编号', AUTO_INCREMENT=3;

--
-- 使用表AUTO_INCREMENT `Product`
--
ALTER TABLE `Product`
  MODIFY `Id` int(11) NOT NULL AUTO_INCREMENT COMMENT '编号', AUTO_INCREMENT=6;

--
-- 使用表AUTO_INCREMENT `RebateChangeLog`
--
ALTER TABLE `RebateChangeLog`
  MODIFY `Id` int(11) NOT NULL AUTO_INCREMENT COMMENT '编号';

--
-- 使用表AUTO_INCREMENT `Shop`
--
ALTER TABLE `Shop`
  MODIFY `Id` int(11) NOT NULL AUTO_INCREMENT COMMENT '编号';

--
-- 使用表AUTO_INCREMENT `ShopCategory`
--
ALTER TABLE `ShopCategory`
  MODIFY `Id` int(11) NOT NULL AUTO_INCREMENT COMMENT '编号';

--
-- 使用表AUTO_INCREMENT `ShoppingCart`
--
ALTER TABLE `ShoppingCart`
  MODIFY `Id` int(11) NOT NULL AUTO_INCREMENT COMMENT '编号';

--
-- 使用表AUTO_INCREMENT `TargetEvent`
--
ALTER TABLE `TargetEvent`
  MODIFY `Id` int(11) NOT NULL AUTO_INCREMENT COMMENT '编号', AUTO_INCREMENT=12;

--
-- 使用表AUTO_INCREMENT `WeixinRequestContent`
--
ALTER TABLE `WeixinRequestContent`
  MODIFY `Id` int(11) NOT NULL AUTO_INCREMENT COMMENT '编号', AUTO_INCREMENT=2;

--
-- 使用表AUTO_INCREMENT `WeixinRequestRule`
--
ALTER TABLE `WeixinRequestRule`
  MODIFY `Id` int(11) NOT NULL AUTO_INCREMENT COMMENT '编号', AUTO_INCREMENT=2;

--
-- 使用表AUTO_INCREMENT `WeixinResponseContent`
--
ALTER TABLE `WeixinResponseContent`
  MODIFY `Id` int(11) NOT NULL AUTO_INCREMENT COMMENT '编号';

--
-- 使用表AUTO_INCREMENT `WithdrawOrder`
--
ALTER TABLE `WithdrawOrder`
  MODIFY `Id` int(11) NOT NULL AUTO_INCREMENT COMMENT '编号';

--
-- 使用表AUTO_INCREMENT `WXAppSession`
--
ALTER TABLE `WXAppSession`
  MODIFY `Id` int(11) NOT NULL AUTO_INCREMENT COMMENT '编号';
COMMIT;

/*!40101 SET CHARACTER_SET_CLIENT=@OLD_CHARACTER_SET_CLIENT */;
/*!40101 SET CHARACTER_SET_RESULTS=@OLD_CHARACTER_SET_RESULTS */;
/*!40101 SET COLLATION_CONNECTION=@OLD_COLLATION_CONNECTION */;
